draw_date,n1,n2,n3,n4,n5,source
2019-11-26,2,14,30,31,38,external verified LotteryTexts Daywa 5/39 full history:https://lotterytexts.com/ghana/daywa-5-39/past-results/:ghana_local_date=2019-11-26
2019-11-27,7,14,19,20,36,external verified LotteryTexts Daywa 5/39 full history:https://lotterytexts.com/ghana/daywa-5-39/past-results/:ghana_local_date=2019-11-27
2019-11-28,17,24,25,33,35,external verified LotteryTexts Daywa 5/39 full history:https://lotterytexts.com/ghana/daywa-5-39/past-results/:ghana_local_date=2019-11-28
2019-11-29,1,9,15,23,36,external verified LotteryTexts Daywa 5/39 full history:https://lotterytexts.com/ghana/daywa-5-39/past-results/:ghana_local_date=2019-11-29
2019-11-30,6,8,24,36,37,external verified LotteryTexts Daywa 5/39 full history:https://lotterytexts.com/ghana/daywa-5-39/past-results/:ghana_local_date=2019-11-30
2019-12-02,2,3,16,22,37,external verified LotteryTexts Daywa 5/39 full history:https://lotterytexts.com/ghana/daywa-5-39/past-results/:ghana_local_date=2019-12-02
2019-12-03,9,13,24,31,38,external verified LotteryTexts Daywa 5/39 full history:https://lotterytexts.com/ghana/daywa-5-39/past-results/:ghana_local_date=2019-12-03
2019-12-04,7,20,30,35,36,external verified LotteryTexts Daywa 5/39 full history:https://lotterytexts.com/ghana/daywa-5-39/past-results/:ghana_local_date=2019-12-04
2019-12-05,6,8,21,33,37,external verified LotteryTexts Daywa 5/39 full history:https://lotterytexts.com/ghana/daywa-5-39/past-results/:ghana_local_date=2019-12-05
2019-12-07,7,16,20,25,28,external verified LotteryTexts Daywa 5/39 full history:https://lotterytexts.com/ghana/daywa-5-39/past-results/:ghana_local_date=2019-12-07
2019-12-09,4,8,12,16,17,external verified LotteryTexts Daywa 5/39 full history:https://lotterytexts.com/ghana/daywa-5-39/past-results/:ghana_local_date=2019-12-09
2019-12-10,7,13,15,16,37,external verified LotteryTexts Daywa 5/39 full history:https://lotterytexts.com/ghana/daywa-5-39/past-results/:ghana_local_date=2019-12-10
2019-12-11,2,7,15,19,36,external verified LotteryTexts Daywa 5/39 full history:https://lotterytexts.com/ghana/daywa-5-39/past-results/:ghana_local_date=2019-12-11
2019-12-12,19,24,25,30,33,external verified LotteryTexts Daywa 5/39 full history:https://lotterytexts.com/ghana/daywa-5-39/past-results/:ghana_local_date=2019-12-12
2019-12-13,1,3,9,21,33,external verified LotteryTexts Daywa 5/39 full history:https://lotterytexts.com/ghana/daywa-5-39/past-results/:ghana_local_date=2019-12-13
2019-12-14,6,10,24,26,37,external verified LotteryTexts Daywa 5/39 full history:https://lotterytexts.com/ghana/daywa-5-39/past-results/:ghana_local_date=2019-12-14
2019-12-16,5,19,24,30,35,external verified LotteryTexts Daywa 5/39 full history:https://lotterytexts.com/ghana/daywa-5-39/past-results/:ghana_local_date=2019-12-16
2019-12-17,6,15,16,22,33,external verified LotteryTexts Daywa 5/39 full history:https://lotterytexts.com/ghana/daywa-5-39/past-results/:ghana_local_date=2019-12-17
2019-12-18,6,15,29,31,33,external verified LotteryTexts Daywa 5/39 full history:https://lotterytexts.com/ghana/daywa-5-39/past-results/:ghana_local_date=2019-12-18
2019-12-19,5,21,24,25,28,external verified LotteryTexts Daywa 5/39 full history:https://lotterytexts.com/ghana/daywa-5-39/past-results/:ghana_local_date=2019-12-19
2019-12-20,6,11,26,32,37,external verified LotteryTexts Daywa 5/39 full history:https://lotterytexts.com/ghana/daywa-5-39/past-results/:ghana_local_date=2019-12-20
2019-12-21,4,10,23,35,37,external verified LotteryTexts Daywa 5/39 full history:https://lotterytexts.com/ghana/daywa-5-39/past-results/:ghana_local_date=2019-12-21
2019-12-23,10,19,25,35,38,external verified LotteryTexts Daywa 5/39 full history:https://lotterytexts.com/ghana/daywa-5-39/past-results/:ghana_local_date=2019-12-23
2019-12-24,3,4,22,26,30,external verified LotteryTexts Daywa 5/39 full history:https://lotterytexts.com/ghana/daywa-5-39/past-results/:ghana_local_date=2019-12-24
2019-12-27,9,10,13,28,37,external verified LotteryTexts Daywa 5/39 full history:https://lotterytexts.com/ghana/daywa-5-39/past-results/:ghana_local_date=2019-12-27
2019-12-28,7,23,25,27,35,external verified LotteryTexts Daywa 5/39 full history:https://lotterytexts.com/ghana/daywa-5-39/past-results/:ghana_local_date=2019-12-28
2019-12-30,4,12,14,18,37,external verified LotteryTexts Daywa 5/39 full history:https://lotterytexts.com/ghana/daywa-5-39/past-results/:ghana_local_date=2019-12-30
2019-12-31,5,10,14,16,21,external verified LotteryTexts Daywa 5/39 full history:https://lotterytexts.com/ghana/daywa-5-39/past-results/:ghana_local_date=2019-12-31
2020-01-02,4,8,12,19,23,external verified LotteryTexts Daywa 5/39 full history:https://lotterytexts.com/ghana/daywa-5-39/past-results/:ghana_local_date=2020-01-02
2020-01-03,6,17,22,27,38,external verified LotteryTexts Daywa 5/39 full history:https://lotterytexts.com/ghana/daywa-5-39/past-results/:ghana_local_date=2020-01-03
2020-01-04,1,15,16,17,35,external verified LotteryTexts Daywa 5/39 full history:https://lotterytexts.com/ghana/daywa-5-39/past-results/:ghana_local_date=2020-01-04
2020-01-06,6,15,22,30,37,external verified LotteryTexts Daywa 5/39 full history:https://lotterytexts.com/ghana/daywa-5-39/past-results/:ghana_local_date=2020-01-06
2020-01-08,1,4,13,21,27,external verified LotteryTexts Daywa 5/39 full history:https://lotterytexts.com/ghana/daywa-5-39/past-results/:ghana_local_date=2020-01-08
2020-01-09,2,9,26,37,39,external verified LotteryTexts Daywa 5/39 full history:https://lotterytexts.com/ghana/daywa-5-39/past-results/:ghana_local_date=2020-01-09
2020-01-10,6,7,24,35,39,external verified LotteryTexts Daywa 5/39 full history:https://lotterytexts.com/ghana/daywa-5-39/past-results/:ghana_local_date=2020-01-10
2020-01-11,2,7,20,22,39,external verified LotteryTexts Daywa 5/39 full history:https://lotterytexts.com/ghana/daywa-5-39/past-results/:ghana_local_date=2020-01-11
2020-01-13,4,18,19,20,31,external verified LotteryTexts Daywa 5/39 full history:https://lotterytexts.com/ghana/daywa-5-39/past-results/:ghana_local_date=2020-01-13
2020-01-14,5,18,20,27,32,external verified LotteryTexts Daywa 5/39 full history:https://lotterytexts.com/ghana/daywa-5-39/past-results/:ghana_local_date=2020-01-14
2020-01-15,8,10,15,16,20,external verified LotteryTexts Daywa 5/39 full history:https://lotterytexts.com/ghana/daywa-5-39/past-results/:ghana_local_date=2020-01-15
2020-01-16,16,21,23,24,29,external verified LotteryTexts Daywa 5/39 full history:https://lotterytexts.com/ghana/daywa-5-39/past-results/:ghana_local_date=2020-01-16
2020-01-17,15,16,17,18,20,external verified LotteryTexts Daywa 5/39 full history:https://lotterytexts.com/ghana/daywa-5-39/past-results/:ghana_local_date=2020-01-17
2020-01-18,1,6,26,28,38,external verified LotteryTexts Daywa 5/39 full history:https://lotterytexts.com/ghana/daywa-5-39/past-results/:ghana_local_date=2020-01-18
2020-01-20,3,11,19,21,37,external verified LotteryTexts Daywa 5/39 full history:https://lotterytexts.com/ghana/daywa-5-39/past-results/:ghana_local_date=2020-01-20
2020-01-21,4,22,28,31,36,external verified LotteryTexts Daywa 5/39 full history:https://lotterytexts.com/ghana/daywa-5-39/past-results/:ghana_local_date=2020-01-21
2020-01-23,14,17,20,24,33,external verified LotteryTexts Daywa 5/39 full history:https://lotterytexts.com/ghana/daywa-5-39/past-results/:ghana_local_date=2020-01-23
2020-01-24,6,15,25,28,34,external verified LotteryTexts Daywa 5/39 full history:https://lotterytexts.com/ghana/daywa-5-39/past-results/:ghana_local_date=2020-01-24
2020-01-25,8,17,26,29,36,external verified LotteryTexts Daywa 5/39 full history:https://lotterytexts.com/ghana/daywa-5-39/past-results/:ghana_local_date=2020-01-25
2020-01-27,11,12,17,19,26,external verified LotteryTexts Daywa 5/39 full history:https://lotterytexts.com/ghana/daywa-5-39/past-results/:ghana_local_date=2020-01-27
2020-01-28,17,22,24,29,30,external verified LotteryTexts Daywa 5/39 full history:https://lotterytexts.com/ghana/daywa-5-39/past-results/:ghana_local_date=2020-01-28
2020-01-29,6,15,16,18,19,external verified LotteryTexts Daywa 5/39 full history:https://lotterytexts.com/ghana/daywa-5-39/past-results/:ghana_local_date=2020-01-29
2020-01-30,7,15,18,19,21,external verified LotteryTexts Daywa 5/39 full history:https://lotterytexts.com/ghana/daywa-5-39/past-results/:ghana_local_date=2020-01-30
2020-01-31,4,12,16,27,39,external verified LotteryTexts Daywa 5/39 full history:https://lotterytexts.com/ghana/daywa-5-39/past-results/:ghana_local_date=2020-01-31
2020-02-01,5,7,16,28,29,external verified LotteryTexts Daywa 5/39 full history:https://lotterytexts.com/ghana/daywa-5-39/past-results/:ghana_local_date=2020-02-01
2020-02-03,7,9,18,36,38,external verified LotteryTexts Daywa 5/39 full history:https://lotterytexts.com/ghana/daywa-5-39/past-results/:ghana_local_date=2020-02-03
2020-02-04,6,9,11,15,31,external verified LotteryTexts Daywa 5/39 full history:https://lotterytexts.com/ghana/daywa-5-39/past-results/:ghana_local_date=2020-02-04
2020-02-05,12,13,15,31,34,external verified LotteryTexts Daywa 5/39 full history:https://lotterytexts.com/ghana/daywa-5-39/past-results/:ghana_local_date=2020-02-05
2020-02-06,2,3,16,17,32,external verified LotteryTexts Daywa 5/39 full history:https://lotterytexts.com/ghana/daywa-5-39/past-results/:ghana_local_date=2020-02-06
2020-02-08,5,17,21,26,37,external verified LotteryTexts Daywa 5/39 full history:https://lotterytexts.com/ghana/daywa-5-39/past-results/:ghana_local_date=2020-02-08
2020-02-10,6,12,31,34,39,external verified LotteryTexts Daywa 5/39 full history:https://lotterytexts.com/ghana/daywa-5-39/past-results/:ghana_local_date=2020-02-10
2020-02-11,3,11,22,27,35,external verified LotteryTexts Daywa 5/39 full history:https://lotterytexts.com/ghana/daywa-5-39/past-results/:ghana_local_date=2020-02-11
2020-02-12,10,11,14,20,33,external verified LotteryTexts Daywa 5/39 full history:https://lotterytexts.com/ghana/daywa-5-39/past-results/:ghana_local_date=2020-02-12
2020-02-13,1,4,18,27,33,external verified LotteryTexts Daywa 5/39 full history:https://lotterytexts.com/ghana/daywa-5-39/past-results/:ghana_local_date=2020-02-13
2020-02-15,2,10,14,29,37,external verified LotteryTexts Daywa 5/39 full history:https://lotterytexts.com/ghana/daywa-5-39/past-results/:ghana_local_date=2020-02-15
2020-02-17,2,5,22,28,37,external verified LotteryTexts Daywa 5/39 full history:https://lotterytexts.com/ghana/daywa-5-39/past-results/:ghana_local_date=2020-02-17
2020-02-19,19,20,26,33,36,external verified LotteryTexts Daywa 5/39 full history:https://lotterytexts.com/ghana/daywa-5-39/past-results/:ghana_local_date=2020-02-19
2020-02-20,7,12,28,30,37,external verified LotteryTexts Daywa 5/39 full history:https://lotterytexts.com/ghana/daywa-5-39/past-results/:ghana_local_date=2020-02-20
2020-02-21,2,3,15,31,34,external verified LotteryTexts Daywa 5/39 full history:https://lotterytexts.com/ghana/daywa-5-39/past-results/:ghana_local_date=2020-02-21
2020-02-24,8,10,14,31,39,external verified LotteryTexts Daywa 5/39 full history:https://lotterytexts.com/ghana/daywa-5-39/past-results/:ghana_local_date=2020-02-24
2020-02-25,7,9,21,23,25,external verified LotteryTexts Daywa 5/39 full history:https://lotterytexts.com/ghana/daywa-5-39/past-results/:ghana_local_date=2020-02-25
2020-02-26,3,4,14,17,29,external verified LotteryTexts Daywa 5/39 full history:https://lotterytexts.com/ghana/daywa-5-39/past-results/:ghana_local_date=2020-02-26
2020-02-27,14,16,21,22,28,external verified LotteryTexts Daywa 5/39 full history:https://lotterytexts.com/ghana/daywa-5-39/past-results/:ghana_local_date=2020-02-27
2020-02-28,11,13,15,18,27,external verified LotteryTexts Daywa 5/39 full history:https://lotterytexts.com/ghana/daywa-5-39/past-results/:ghana_local_date=2020-02-28
2020-02-29,5,7,14,28,35,external verified LotteryTexts Daywa 5/39 full history:https://lotterytexts.com/ghana/daywa-5-39/past-results/:ghana_local_date=2020-02-29
2020-03-02,3,4,36,37,38,external verified LotteryTexts Daywa 5/39 full history:https://lotterytexts.com/ghana/daywa-5-39/past-results/:ghana_local_date=2020-03-02
2020-03-03,2,5,14,28,35,external verified LotteryTexts Daywa 5/39 full history:https://lotterytexts.com/ghana/daywa-5-39/past-results/:ghana_local_date=2020-03-03
2020-03-04,10,14,18,23,37,external verified LotteryTexts Daywa 5/39 full history:https://lotterytexts.com/ghana/daywa-5-39/past-results/:ghana_local_date=2020-03-04
2020-03-07,13,21,25,28,37,external verified LotteryTexts Daywa 5/39 full history:https://lotterytexts.com/ghana/daywa-5-39/past-results/:ghana_local_date=2020-03-07
2020-03-09,4,7,13,17,23,external verified LotteryTexts Daywa 5/39 full history:https://lotterytexts.com/ghana/daywa-5-39/past-results/:ghana_local_date=2020-03-09
2020-03-10,15,22,29,30,34,external verified LotteryTexts Daywa 5/39 full history:https://lotterytexts.com/ghana/daywa-5-39/past-results/:ghana_local_date=2020-03-10
2020-03-12,7,16,17,19,28,external verified LotteryTexts Daywa 5/39 full history:https://lotterytexts.com/ghana/daywa-5-39/past-results/:ghana_local_date=2020-03-12
2020-03-13,19,27,28,36,39,external verified LotteryTexts Daywa 5/39 full history:https://lotterytexts.com/ghana/daywa-5-39/past-results/:ghana_local_date=2020-03-13
2020-03-14,2,7,14,22,38,external verified LotteryTexts Daywa 5/39 full history:https://lotterytexts.com/ghana/daywa-5-39/past-results/:ghana_local_date=2020-03-14
2020-03-16,13,24,29,33,39,external verified LotteryTexts Daywa 5/39 full history:https://lotterytexts.com/ghana/daywa-5-39/past-results/:ghana_local_date=2020-03-16
2020-03-17,6,7,8,22,34,external verified LotteryTexts Daywa 5/39 full history:https://lotterytexts.com/ghana/daywa-5-39/past-results/:ghana_local_date=2020-03-17
2020-03-18,10,18,20,28,30,external verified LotteryTexts Daywa 5/39 full history:https://lotterytexts.com/ghana/daywa-5-39/past-results/:ghana_local_date=2020-03-18
2020-03-19,12,21,25,26,31,external verified LotteryTexts Daywa 5/39 full history:https://lotterytexts.com/ghana/daywa-5-39/past-results/:ghana_local_date=2020-03-19
2020-03-20,3,6,27,30,32,external verified LotteryTexts Daywa 5/39 full history:https://lotterytexts.com/ghana/daywa-5-39/past-results/:ghana_local_date=2020-03-20
2020-03-21,1,9,19,30,37,external verified LotteryTexts Daywa 5/39 full history:https://lotterytexts.com/ghana/daywa-5-39/past-results/:ghana_local_date=2020-03-21
2020-03-23,2,3,6,9,35,external verified LotteryTexts Daywa 5/39 full history:https://lotterytexts.com/ghana/daywa-5-39/past-results/:ghana_local_date=2020-03-23
2020-03-24,6,11,16,29,31,external verified LotteryTexts Daywa 5/39 full history:https://lotterytexts.com/ghana/daywa-5-39/past-results/:ghana_local_date=2020-03-24
2020-03-25,2,7,23,24,30,external verified LotteryTexts Daywa 5/39 full history:https://lotterytexts.com/ghana/daywa-5-39/past-results/:ghana_local_date=2020-03-25
2020-03-26,7,11,21,22,27,external verified LotteryTexts Daywa 5/39 full history:https://lotterytexts.com/ghana/daywa-5-39/past-results/:ghana_local_date=2020-03-26
2020-03-27,2,15,19,24,34,external verified LotteryTexts Daywa 5/39 full history:https://lotterytexts.com/ghana/daywa-5-39/past-results/:ghana_local_date=2020-03-27
2020-03-28,1,10,13,21,28,external verified LotteryTexts Daywa 5/39 full history:https://lotterytexts.com/ghana/daywa-5-39/past-results/:ghana_local_date=2020-03-28
2020-03-30,1,10,14,31,36,external verified LotteryTexts Daywa 5/39 full history:https://lotterytexts.com/ghana/daywa-5-39/past-results/:ghana_local_date=2020-03-30
2020-03-31,23,25,27,36,39,external verified LotteryTexts Daywa 5/39 full history:https://lotterytexts.com/ghana/daywa-5-39/past-results/:ghana_local_date=2020-03-31
2020-04-01,8,24,29,33,37,external verified LotteryTexts Daywa 5/39 full history:https://lotterytexts.com/ghana/daywa-5-39/past-results/:ghana_local_date=2020-04-01
2020-04-02,2,3,13,20,29,external verified LotteryTexts Daywa 5/39 full history:https://lotterytexts.com/ghana/daywa-5-39/past-results/:ghana_local_date=2020-04-02
2020-04-03,3,15,16,30,36,external verified LotteryTexts Daywa 5/39 full history:https://lotterytexts.com/ghana/daywa-5-39/past-results/:ghana_local_date=2020-04-03
2020-04-04,1,13,14,15,35,external verified LotteryTexts Daywa 5/39 full history:https://lotterytexts.com/ghana/daywa-5-39/past-results/:ghana_local_date=2020-04-04
2020-04-06,6,7,10,22,24,external verified LotteryTexts Daywa 5/39 full history:https://lotterytexts.com/ghana/daywa-5-39/past-results/:ghana_local_date=2020-04-06
2020-04-07,2,31,32,35,36,external verified LotteryTexts Daywa 5/39 full history:https://lotterytexts.com/ghana/daywa-5-39/past-results/:ghana_local_date=2020-04-07
2020-04-08,9,11,14,15,21,external verified LotteryTexts Daywa 5/39 full history:https://lotterytexts.com/ghana/daywa-5-39/past-results/:ghana_local_date=2020-04-08
2020-04-09,1,2,5,22,31,external verified LotteryTexts Daywa 5/39 full history:https://lotterytexts.com/ghana/daywa-5-39/past-results/:ghana_local_date=2020-04-09
2020-04-14,9,12,20,21,38,external verified LotteryTexts Daywa 5/39 full history:https://lotterytexts.com/ghana/daywa-5-39/past-results/:ghana_local_date=2020-04-14
2020-04-15,2,4,5,19,22,external verified LotteryTexts Daywa 5/39 full history:https://lotterytexts.com/ghana/daywa-5-39/past-results/:ghana_local_date=2020-04-15
2020-04-16,8,13,26,35,36,external verified LotteryTexts Daywa 5/39 full history:https://lotterytexts.com/ghana/daywa-5-39/past-results/:ghana_local_date=2020-04-16
2020-04-17,13,19,22,25,36,external verified LotteryTexts Daywa 5/39 full history:https://lotterytexts.com/ghana/daywa-5-39/past-results/:ghana_local_date=2020-04-17
2020-04-18,7,12,15,16,28,external verified LotteryTexts Daywa 5/39 full history:https://lotterytexts.com/ghana/daywa-5-39/past-results/:ghana_local_date=2020-04-18
2020-04-20,2,17,20,21,27,external verified LotteryTexts Daywa 5/39 full history:https://lotterytexts.com/ghana/daywa-5-39/past-results/:ghana_local_date=2020-04-20
2020-04-21,8,20,22,23,37,external verified LotteryTexts Daywa 5/39 full history:https://lotterytexts.com/ghana/daywa-5-39/past-results/:ghana_local_date=2020-04-21
2020-04-22,6,7,10,28,30,external verified LotteryTexts Daywa 5/39 full history:https://lotterytexts.com/ghana/daywa-5-39/past-results/:ghana_local_date=2020-04-22
2020-04-23,2,4,22,23,36,external verified LotteryTexts Daywa 5/39 full history:https://lotterytexts.com/ghana/daywa-5-39/past-results/:ghana_local_date=2020-04-23
2020-04-24,1,6,13,16,18,external verified LotteryTexts Daywa 5/39 full history:https://lotterytexts.com/ghana/daywa-5-39/past-results/:ghana_local_date=2020-04-24
2020-04-25,10,11,22,27,33,external verified LotteryTexts Daywa 5/39 full history:https://lotterytexts.com/ghana/daywa-5-39/past-results/:ghana_local_date=2020-04-25
2020-04-27,2,9,13,25,36,external verified LotteryTexts Daywa 5/39 full history:https://lotterytexts.com/ghana/daywa-5-39/past-results/:ghana_local_date=2020-04-27
2020-04-28,17,23,30,33,36,external verified LotteryTexts Daywa 5/39 full history:https://lotterytexts.com/ghana/daywa-5-39/past-results/:ghana_local_date=2020-04-28
2020-04-29,5,13,26,31,32,external verified LotteryTexts Daywa 5/39 full history:https://lotterytexts.com/ghana/daywa-5-39/past-results/:ghana_local_date=2020-04-29
2020-04-30,1,3,8,16,36,external verified LotteryTexts Daywa 5/39 full history:https://lotterytexts.com/ghana/daywa-5-39/past-results/:ghana_local_date=2020-04-30
2020-05-02,4,11,25,28,29,external verified LotteryTexts Daywa 5/39 full history:https://lotterytexts.com/ghana/daywa-5-39/past-results/:ghana_local_date=2020-05-02
2020-05-04,7,23,30,31,34,external verified LotteryTexts Daywa 5/39 full history:https://lotterytexts.com/ghana/daywa-5-39/past-results/:ghana_local_date=2020-05-04
2020-05-05,5,7,8,18,25,external verified LotteryTexts Daywa 5/39 full history:https://lotterytexts.com/ghana/daywa-5-39/past-results/:ghana_local_date=2020-05-05
2020-05-06,9,12,18,19,26,external verified LotteryTexts Daywa 5/39 full history:https://lotterytexts.com/ghana/daywa-5-39/past-results/:ghana_local_date=2020-05-06
2020-05-07,6,12,16,24,31,external verified LotteryTexts Daywa 5/39 full history:https://lotterytexts.com/ghana/daywa-5-39/past-results/:ghana_local_date=2020-05-07
2020-05-08,1,5,24,26,32,external verified LotteryTexts Daywa 5/39 full history:https://lotterytexts.com/ghana/daywa-5-39/past-results/:ghana_local_date=2020-05-08
2020-05-09,3,5,25,37,39,external verified LotteryTexts Daywa 5/39 full history:https://lotterytexts.com/ghana/daywa-5-39/past-results/:ghana_local_date=2020-05-09
2020-05-11,5,9,22,34,36,external verified LotteryTexts Daywa 5/39 full history:https://lotterytexts.com/ghana/daywa-5-39/past-results/:ghana_local_date=2020-05-11
2020-05-12,2,14,15,28,34,external verified LotteryTexts Daywa 5/39 full history:https://lotterytexts.com/ghana/daywa-5-39/past-results/:ghana_local_date=2020-05-12
2020-05-13,6,13,15,16,25,external verified LotteryTexts Daywa 5/39 full history:https://lotterytexts.com/ghana/daywa-5-39/past-results/:ghana_local_date=2020-05-13
2020-05-14,6,15,29,32,39,external verified LotteryTexts Daywa 5/39 full history:https://lotterytexts.com/ghana/daywa-5-39/past-results/:ghana_local_date=2020-05-14
2020-05-15,3,6,12,24,35,external verified LotteryTexts Daywa 5/39 full history:https://lotterytexts.com/ghana/daywa-5-39/past-results/:ghana_local_date=2020-05-15
2020-05-16,17,27,29,34,35,external verified LotteryTexts Daywa 5/39 full history:https://lotterytexts.com/ghana/daywa-5-39/past-results/:ghana_local_date=2020-05-16
2020-05-18,4,21,24,32,36,external verified LotteryTexts Daywa 5/39 full history:https://lotterytexts.com/ghana/daywa-5-39/past-results/:ghana_local_date=2020-05-18
2020-05-19,10,14,30,32,37,external verified LotteryTexts Daywa 5/39 full history:https://lotterytexts.com/ghana/daywa-5-39/past-results/:ghana_local_date=2020-05-19
2020-05-20,2,8,17,31,36,external verified LotteryTexts Daywa 5/39 full history:https://lotterytexts.com/ghana/daywa-5-39/past-results/:ghana_local_date=2020-05-20
2020-05-21,14,24,34,36,38,external verified LotteryTexts Daywa 5/39 full history:https://lotterytexts.com/ghana/daywa-5-39/past-results/:ghana_local_date=2020-05-21
2020-05-22,3,8,22,26,35,external verified LotteryTexts Daywa 5/39 full history:https://lotterytexts.com/ghana/daywa-5-39/past-results/:ghana_local_date=2020-05-22
2020-05-23,5,6,8,13,26,external verified LotteryTexts Daywa 5/39 full history:https://lotterytexts.com/ghana/daywa-5-39/past-results/:ghana_local_date=2020-05-23
2020-05-26,11,18,22,35,39,external verified LotteryTexts Daywa 5/39 full history:https://lotterytexts.com/ghana/daywa-5-39/past-results/:ghana_local_date=2020-05-26
2020-05-27,7,8,12,18,31,external verified LotteryTexts Daywa 5/39 full history:https://lotterytexts.com/ghana/daywa-5-39/past-results/:ghana_local_date=2020-05-27
2020-05-28,9,17,21,22,37,external verified LotteryTexts Daywa 5/39 full history:https://lotterytexts.com/ghana/daywa-5-39/past-results/:ghana_local_date=2020-05-28
2020-05-29,12,15,17,26,30,external verified LotteryTexts Daywa 5/39 full history:https://lotterytexts.com/ghana/daywa-5-39/past-results/:ghana_local_date=2020-05-29
2020-05-30,1,14,18,20,26,external verified LotteryTexts Daywa 5/39 full history:https://lotterytexts.com/ghana/daywa-5-39/past-results/:ghana_local_date=2020-05-30
2020-06-01,1,5,24,29,33,external verified LotteryTexts Daywa 5/39 full history:https://lotterytexts.com/ghana/daywa-5-39/past-results/:ghana_local_date=2020-06-01
2020-06-02,1,8,16,29,31,external verified LotteryTexts Daywa 5/39 full history:https://lotterytexts.com/ghana/daywa-5-39/past-results/:ghana_local_date=2020-06-02
2020-06-03,8,10,17,25,26,external verified LotteryTexts Daywa 5/39 full history:https://lotterytexts.com/ghana/daywa-5-39/past-results/:ghana_local_date=2020-06-03
2020-06-04,4,7,14,30,37,external verified LotteryTexts Daywa 5/39 full history:https://lotterytexts.com/ghana/daywa-5-39/past-results/:ghana_local_date=2020-06-04
2020-06-05,3,8,26,29,35,external verified LotteryTexts Daywa 5/39 full history:https://lotterytexts.com/ghana/daywa-5-39/past-results/:ghana_local_date=2020-06-05
2020-06-06,8,21,27,38,39,external verified LotteryTexts Daywa 5/39 full history:https://lotterytexts.com/ghana/daywa-5-39/past-results/:ghana_local_date=2020-06-06
2020-06-08,4,10,24,34,39,external verified LotteryTexts Daywa 5/39 full history:https://lotterytexts.com/ghana/daywa-5-39/past-results/:ghana_local_date=2020-06-08
2020-06-09,5,6,15,24,38,external verified LotteryTexts Daywa 5/39 full history:https://lotterytexts.com/ghana/daywa-5-39/past-results/:ghana_local_date=2020-06-09
2020-06-10,2,7,9,15,23,external verified LotteryTexts Daywa 5/39 full history:https://lotterytexts.com/ghana/daywa-5-39/past-results/:ghana_local_date=2020-06-10
2020-06-11,11,17,19,21,23,external verified LotteryTexts Daywa 5/39 full history:https://lotterytexts.com/ghana/daywa-5-39/past-results/:ghana_local_date=2020-06-11
2020-06-12,8,13,20,28,39,external verified LotteryTexts Daywa 5/39 full history:https://lotterytexts.com/ghana/daywa-5-39/past-results/:ghana_local_date=2020-06-12
2020-06-13,2,3,8,10,34,external verified LotteryTexts Daywa 5/39 full history:https://lotterytexts.com/ghana/daywa-5-39/past-results/:ghana_local_date=2020-06-13
2020-06-15,13,19,26,34,37,external verified LotteryTexts Daywa 5/39 full history:https://lotterytexts.com/ghana/daywa-5-39/past-results/:ghana_local_date=2020-06-15
2020-06-16,4,7,16,23,34,external verified LotteryTexts Daywa 5/39 full history:https://lotterytexts.com/ghana/daywa-5-39/past-results/:ghana_local_date=2020-06-16
2020-06-17,10,25,31,32,35,external verified LotteryTexts Daywa 5/39 full history:https://lotterytexts.com/ghana/daywa-5-39/past-results/:ghana_local_date=2020-06-17
2020-06-18,13,16,30,34,36,external verified LotteryTexts Daywa 5/39 full history:https://lotterytexts.com/ghana/daywa-5-39/past-results/:ghana_local_date=2020-06-18
2020-06-19,8,12,18,30,37,external verified LotteryTexts Daywa 5/39 full history:https://lotterytexts.com/ghana/daywa-5-39/past-results/:ghana_local_date=2020-06-19
2020-06-20,3,11,27,29,39,external verified LotteryTexts Daywa 5/39 full history:https://lotterytexts.com/ghana/daywa-5-39/past-results/:ghana_local_date=2020-06-20
2020-06-22,7,10,14,19,26,external verified LotteryTexts Daywa 5/39 full history:https://lotterytexts.com/ghana/daywa-5-39/past-results/:ghana_local_date=2020-06-22
2020-06-23,4,12,16,22,37,external verified LotteryTexts Daywa 5/39 full history:https://lotterytexts.com/ghana/daywa-5-39/past-results/:ghana_local_date=2020-06-23
2020-06-24,10,11,15,24,39,external verified LotteryTexts Daywa 5/39 full history:https://lotterytexts.com/ghana/daywa-5-39/past-results/:ghana_local_date=2020-06-24
2020-06-25,11,19,35,38,39,external verified LotteryTexts Daywa 5/39 full history:https://lotterytexts.com/ghana/daywa-5-39/past-results/:ghana_local_date=2020-06-25
2020-06-26,1,19,22,31,34,external verified LotteryTexts Daywa 5/39 full history:https://lotterytexts.com/ghana/daywa-5-39/past-results/:ghana_local_date=2020-06-26
2020-06-27,5,8,10,18,19,external verified LotteryTexts Daywa 5/39 full history:https://lotterytexts.com/ghana/daywa-5-39/past-results/:ghana_local_date=2020-06-27
2020-06-29,14,31,33,37,38,external verified LotteryTexts Daywa 5/39 full history:https://lotterytexts.com/ghana/daywa-5-39/past-results/:ghana_local_date=2020-06-29
2020-06-30,4,7,32,37,39,external verified LotteryTexts Daywa 5/39 full history:https://lotterytexts.com/ghana/daywa-5-39/past-results/:ghana_local_date=2020-06-30
2020-07-01,1,17,19,35,39,external verified LotteryTexts Daywa 5/39 full history:https://lotterytexts.com/ghana/daywa-5-39/past-results/:ghana_local_date=2020-07-01
2020-07-02,1,2,7,15,35,external verified LotteryTexts Daywa 5/39 full history:https://lotterytexts.com/ghana/daywa-5-39/past-results/:ghana_local_date=2020-07-02
2020-07-03,2,10,11,32,33,external verified LotteryTexts Daywa 5/39 full history:https://lotterytexts.com/ghana/daywa-5-39/past-results/:ghana_local_date=2020-07-03
2020-07-04,12,21,23,26,36,external verified LotteryTexts Daywa 5/39 full history:https://lotterytexts.com/ghana/daywa-5-39/past-results/:ghana_local_date=2020-07-04
2020-07-06,8,10,11,15,18,external verified LotteryTexts Daywa 5/39 full history:https://lotterytexts.com/ghana/daywa-5-39/past-results/:ghana_local_date=2020-07-06
2020-07-07,10,13,15,33,35,external verified LotteryTexts Daywa 5/39 full history:https://lotterytexts.com/ghana/daywa-5-39/past-results/:ghana_local_date=2020-07-07
2020-07-08,4,16,17,22,25,external verified LotteryTexts Daywa 5/39 full history:https://lotterytexts.com/ghana/daywa-5-39/past-results/:ghana_local_date=2020-07-08
2020-07-09,5,18,19,23,27,external verified LotteryTexts Daywa 5/39 full history:https://lotterytexts.com/ghana/daywa-5-39/past-results/:ghana_local_date=2020-07-09
2020-07-10,6,8,17,28,34,external verified LotteryTexts Daywa 5/39 full history:https://lotterytexts.com/ghana/daywa-5-39/past-results/:ghana_local_date=2020-07-10
2020-07-11,3,12,20,30,35,external verified LotteryTexts Daywa 5/39 full history:https://lotterytexts.com/ghana/daywa-5-39/past-results/:ghana_local_date=2020-07-11
2020-07-13,8,11,16,17,39,external verified LotteryTexts Daywa 5/39 full history:https://lotterytexts.com/ghana/daywa-5-39/past-results/:ghana_local_date=2020-07-13
2020-07-14,1,3,4,15,39,external verified LotteryTexts Daywa 5/39 full history:https://lotterytexts.com/ghana/daywa-5-39/past-results/:ghana_local_date=2020-07-14
2020-07-15,8,21,24,33,39,external verified LotteryTexts Daywa 5/39 full history:https://lotterytexts.com/ghana/daywa-5-39/past-results/:ghana_local_date=2020-07-15
2020-07-16,10,11,18,30,39,external verified LotteryTexts Daywa 5/39 full history:https://lotterytexts.com/ghana/daywa-5-39/past-results/:ghana_local_date=2020-07-16
2020-07-17,2,3,6,12,14,external verified LotteryTexts Daywa 5/39 full history:https://lotterytexts.com/ghana/daywa-5-39/past-results/:ghana_local_date=2020-07-17
2020-07-18,11,14,17,35,36,external verified LotteryTexts Daywa 5/39 full history:https://lotterytexts.com/ghana/daywa-5-39/past-results/:ghana_local_date=2020-07-18
2020-07-20,8,9,20,22,34,external verified LotteryTexts Daywa 5/39 full history:https://lotterytexts.com/ghana/daywa-5-39/past-results/:ghana_local_date=2020-07-20
2020-07-21,3,7,18,22,23,external verified LotteryTexts Daywa 5/39 full history:https://lotterytexts.com/ghana/daywa-5-39/past-results/:ghana_local_date=2020-07-21
2020-07-22,12,16,21,23,37,external verified LotteryTexts Daywa 5/39 full history:https://lotterytexts.com/ghana/daywa-5-39/past-results/:ghana_local_date=2020-07-22
2020-07-23,7,16,20,26,32,external verified LotteryTexts Daywa 5/39 full history:https://lotterytexts.com/ghana/daywa-5-39/past-results/:ghana_local_date=2020-07-23
2020-07-24,2,13,24,27,32,external verified LotteryTexts Daywa 5/39 full history:https://lotterytexts.com/ghana/daywa-5-39/past-results/:ghana_local_date=2020-07-24
2020-07-25,11,16,29,34,38,external verified LotteryTexts Daywa 5/39 full history:https://lotterytexts.com/ghana/daywa-5-39/past-results/:ghana_local_date=2020-07-25
2020-07-27,12,19,30,36,38,external verified LotteryTexts Daywa 5/39 full history:https://lotterytexts.com/ghana/daywa-5-39/past-results/:ghana_local_date=2020-07-27
2020-07-28,7,21,23,32,37,external verified LotteryTexts Daywa 5/39 full history:https://lotterytexts.com/ghana/daywa-5-39/past-results/:ghana_local_date=2020-07-28
2020-07-29,2,4,10,15,23,external verified LotteryTexts Daywa 5/39 full history:https://lotterytexts.com/ghana/daywa-5-39/past-results/:ghana_local_date=2020-07-29
2020-07-30,14,16,19,22,37,external verified LotteryTexts Daywa 5/39 full history:https://lotterytexts.com/ghana/daywa-5-39/past-results/:ghana_local_date=2020-07-30
2020-08-01,5,8,13,21,34,external verified LotteryTexts Daywa 5/39 full history:https://lotterytexts.com/ghana/daywa-5-39/past-results/:ghana_local_date=2020-08-01
2020-08-03,8,12,13,17,21,external verified LotteryTexts Daywa 5/39 full history:https://lotterytexts.com/ghana/daywa-5-39/past-results/:ghana_local_date=2020-08-03
2020-08-05,4,5,16,21,36,external verified LotteryTexts Daywa 5/39 full history:https://lotterytexts.com/ghana/daywa-5-39/past-results/:ghana_local_date=2020-08-05
2020-08-06,9,19,22,25,27,external verified LotteryTexts Daywa 5/39 full history:https://lotterytexts.com/ghana/daywa-5-39/past-results/:ghana_local_date=2020-08-06
2020-08-07,5,6,16,19,23,external verified LotteryTexts Daywa 5/39 full history:https://lotterytexts.com/ghana/daywa-5-39/past-results/:ghana_local_date=2020-08-07
2020-08-08,5,10,12,23,34,external verified LotteryTexts Daywa 5/39 full history:https://lotterytexts.com/ghana/daywa-5-39/past-results/:ghana_local_date=2020-08-08
2020-08-10,5,12,24,25,39,external verified LotteryTexts Daywa 5/39 full history:https://lotterytexts.com/ghana/daywa-5-39/past-results/:ghana_local_date=2020-08-10
2020-08-11,5,16,21,30,35,external verified LotteryTexts Daywa 5/39 full history:https://lotterytexts.com/ghana/daywa-5-39/past-results/:ghana_local_date=2020-08-11
2020-08-12,13,14,19,23,34,external verified LotteryTexts Daywa 5/39 full history:https://lotterytexts.com/ghana/daywa-5-39/past-results/:ghana_local_date=2020-08-12
2020-08-13,1,3,5,22,36,external verified LotteryTexts Daywa 5/39 full history:https://lotterytexts.com/ghana/daywa-5-39/past-results/:ghana_local_date=2020-08-13
2020-08-14,9,11,17,33,36,external verified LotteryTexts Daywa 5/39 full history:https://lotterytexts.com/ghana/daywa-5-39/past-results/:ghana_local_date=2020-08-14
2020-08-15,11,25,26,33,34,external verified LotteryTexts Daywa 5/39 full history:https://lotterytexts.com/ghana/daywa-5-39/past-results/:ghana_local_date=2020-08-15
2020-08-17,2,12,19,20,21,external verified LotteryTexts Daywa 5/39 full history:https://lotterytexts.com/ghana/daywa-5-39/past-results/:ghana_local_date=2020-08-17
2020-08-18,2,8,10,34,38,external verified LotteryTexts Daywa 5/39 full history:https://lotterytexts.com/ghana/daywa-5-39/past-results/:ghana_local_date=2020-08-18
2020-08-19,1,9,10,27,33,external verified LotteryTexts Daywa 5/39 full history:https://lotterytexts.com/ghana/daywa-5-39/past-results/:ghana_local_date=2020-08-19
2020-08-20,11,17,19,24,33,external verified LotteryTexts Daywa 5/39 full history:https://lotterytexts.com/ghana/daywa-5-39/past-results/:ghana_local_date=2020-08-20
2020-08-21,11,16,19,23,39,external verified LotteryTexts Daywa 5/39 full history:https://lotterytexts.com/ghana/daywa-5-39/past-results/:ghana_local_date=2020-08-21
2020-08-22,6,7,21,27,31,external verified LotteryTexts Daywa 5/39 full history:https://lotterytexts.com/ghana/daywa-5-39/past-results/:ghana_local_date=2020-08-22
2020-08-24,17,35,36,38,39,external verified LotteryTexts Daywa 5/39 full history:https://lotterytexts.com/ghana/daywa-5-39/past-results/:ghana_local_date=2020-08-24
2020-08-25,5,7,19,21,27,external verified LotteryTexts Daywa 5/39 full history:https://lotterytexts.com/ghana/daywa-5-39/past-results/:ghana_local_date=2020-08-25
2020-08-26,2,19,29,30,35,external verified LotteryTexts Daywa 5/39 full history:https://lotterytexts.com/ghana/daywa-5-39/past-results/:ghana_local_date=2020-08-26
2020-08-27,27,28,31,32,35,external verified LotteryTexts Daywa 5/39 full history:https://lotterytexts.com/ghana/daywa-5-39/past-results/:ghana_local_date=2020-08-27
2020-08-28,1,2,17,23,37,external verified LotteryTexts Daywa 5/39 full history:https://lotterytexts.com/ghana/daywa-5-39/past-results/:ghana_local_date=2020-08-28
2020-08-29,14,33,36,38,39,external verified LotteryTexts Daywa 5/39 full history:https://lotterytexts.com/ghana/daywa-5-39/past-results/:ghana_local_date=2020-08-29
2020-08-31,3,20,27,28,29,external verified LotteryTexts Daywa 5/39 full history:https://lotterytexts.com/ghana/daywa-5-39/past-results/:ghana_local_date=2020-08-31
2020-09-01,1,4,7,13,30,external verified LotteryTexts Daywa 5/39 full history:https://lotterytexts.com/ghana/daywa-5-39/past-results/:ghana_local_date=2020-09-01
2020-09-02,9,14,18,22,26,external verified LotteryTexts Daywa 5/39 full history:https://lotterytexts.com/ghana/daywa-5-39/past-results/:ghana_local_date=2020-09-02
2020-09-03,9,12,18,23,33,external verified LotteryTexts Daywa 5/39 full history:https://lotterytexts.com/ghana/daywa-5-39/past-results/:ghana_local_date=2020-09-03
2020-09-04,1,2,16,25,38,external verified LotteryTexts Daywa 5/39 full history:https://lotterytexts.com/ghana/daywa-5-39/past-results/:ghana_local_date=2020-09-04
2020-09-05,5,16,24,30,36,external verified LotteryTexts Daywa 5/39 full history:https://lotterytexts.com/ghana/daywa-5-39/past-results/:ghana_local_date=2020-09-05
2020-09-07,16,29,31,32,35,external verified LotteryTexts Daywa 5/39 full history:https://lotterytexts.com/ghana/daywa-5-39/past-results/:ghana_local_date=2020-09-07
2020-09-08,22,23,25,27,35,external verified LotteryTexts Daywa 5/39 full history:https://lotterytexts.com/ghana/daywa-5-39/past-results/:ghana_local_date=2020-09-08
2020-09-09,2,8,14,24,27,external verified LotteryTexts Daywa 5/39 full history:https://lotterytexts.com/ghana/daywa-5-39/past-results/:ghana_local_date=2020-09-09
2020-09-10,3,12,26,33,38,external verified LotteryTexts Daywa 5/39 full history:https://lotterytexts.com/ghana/daywa-5-39/past-results/:ghana_local_date=2020-09-10
2020-09-11,3,14,26,27,32,external verified LotteryTexts Daywa 5/39 full history:https://lotterytexts.com/ghana/daywa-5-39/past-results/:ghana_local_date=2020-09-11
2020-09-12,1,9,12,20,35,external verified LotteryTexts Daywa 5/39 full history:https://lotterytexts.com/ghana/daywa-5-39/past-results/:ghana_local_date=2020-09-12
2020-09-14,8,17,25,27,32,external verified LotteryTexts Daywa 5/39 full history:https://lotterytexts.com/ghana/daywa-5-39/past-results/:ghana_local_date=2020-09-14
2020-09-15,19,21,24,29,34,external verified LotteryTexts Daywa 5/39 full history:https://lotterytexts.com/ghana/daywa-5-39/past-results/:ghana_local_date=2020-09-15
2020-09-16,5,19,26,32,34,external verified LotteryTexts Daywa 5/39 full history:https://lotterytexts.com/ghana/daywa-5-39/past-results/:ghana_local_date=2020-09-16
2020-09-17,2,4,9,28,37,external verified LotteryTexts Daywa 5/39 full history:https://lotterytexts.com/ghana/daywa-5-39/past-results/:ghana_local_date=2020-09-17
2020-09-18,1,5,31,35,37,external verified LotteryTexts Daywa 5/39 full history:https://lotterytexts.com/ghana/daywa-5-39/past-results/:ghana_local_date=2020-09-18
2020-09-19,3,6,25,30,36,external verified LotteryTexts Daywa 5/39 full history:https://lotterytexts.com/ghana/daywa-5-39/past-results/:ghana_local_date=2020-09-19
2020-09-22,6,7,9,30,37,external verified LotteryTexts Daywa 5/39 full history:https://lotterytexts.com/ghana/daywa-5-39/past-results/:ghana_local_date=2020-09-22
2020-09-23,9,24,27,28,35,external verified LotteryTexts Daywa 5/39 full history:https://lotterytexts.com/ghana/daywa-5-39/past-results/:ghana_local_date=2020-09-23
2020-09-24,12,22,26,33,35,external verified LotteryTexts Daywa 5/39 full history:https://lotterytexts.com/ghana/daywa-5-39/past-results/:ghana_local_date=2020-09-24
2020-09-25,3,12,23,24,25,external verified LotteryTexts Daywa 5/39 full history:https://lotterytexts.com/ghana/daywa-5-39/past-results/:ghana_local_date=2020-09-25
2020-09-26,3,4,16,17,38,external verified LotteryTexts Daywa 5/39 full history:https://lotterytexts.com/ghana/daywa-5-39/past-results/:ghana_local_date=2020-09-26
2020-09-28,10,15,18,22,37,external verified LotteryTexts Daywa 5/39 full history:https://lotterytexts.com/ghana/daywa-5-39/past-results/:ghana_local_date=2020-09-28
2020-09-29,5,8,11,12,32,external verified LotteryTexts Daywa 5/39 full history:https://lotterytexts.com/ghana/daywa-5-39/past-results/:ghana_local_date=2020-09-29
2020-09-30,18,25,33,34,37,external verified LotteryTexts Daywa 5/39 full history:https://lotterytexts.com/ghana/daywa-5-39/past-results/:ghana_local_date=2020-09-30
2020-10-01,7,8,9,22,24,external verified LotteryTexts Daywa 5/39 full history:https://lotterytexts.com/ghana/daywa-5-39/past-results/:ghana_local_date=2020-10-01
2020-10-02,4,10,11,14,22,external verified LotteryTexts Daywa 5/39 full history:https://lotterytexts.com/ghana/daywa-5-39/past-results/:ghana_local_date=2020-10-02
2020-10-03,14,15,17,29,30,external verified LotteryTexts Daywa 5/39 full history:https://lotterytexts.com/ghana/daywa-5-39/past-results/:ghana_local_date=2020-10-03
2020-10-05,1,2,5,17,34,external verified LotteryTexts Daywa 5/39 full history:https://lotterytexts.com/ghana/daywa-5-39/past-results/:ghana_local_date=2020-10-05
2020-10-06,5,15,19,28,33,external verified LotteryTexts Daywa 5/39 full history:https://lotterytexts.com/ghana/daywa-5-39/past-results/:ghana_local_date=2020-10-06
2020-10-07,3,15,29,34,35,external verified LotteryTexts Daywa 5/39 full history:https://lotterytexts.com/ghana/daywa-5-39/past-results/:ghana_local_date=2020-10-07
2020-10-08,6,12,15,16,26,external verified LotteryTexts Daywa 5/39 full history:https://lotterytexts.com/ghana/daywa-5-39/past-results/:ghana_local_date=2020-10-08
2020-10-09,11,24,28,30,31,external verified LotteryTexts Daywa 5/39 full history:https://lotterytexts.com/ghana/daywa-5-39/past-results/:ghana_local_date=2020-10-09
2020-10-10,3,16,19,26,39,external verified LotteryTexts Daywa 5/39 full history:https://lotterytexts.com/ghana/daywa-5-39/past-results/:ghana_local_date=2020-10-10
2020-10-12,1,3,6,7,10,external verified LotteryTexts Daywa 5/39 full history:https://lotterytexts.com/ghana/daywa-5-39/past-results/:ghana_local_date=2020-10-12
2020-10-13,19,26,30,32,33,external verified LotteryTexts Daywa 5/39 full history:https://lotterytexts.com/ghana/daywa-5-39/past-results/:ghana_local_date=2020-10-13
2020-10-14,1,10,16,27,35,external verified LotteryTexts Daywa 5/39 full history:https://lotterytexts.com/ghana/daywa-5-39/past-results/:ghana_local_date=2020-10-14
2020-10-15,7,12,17,26,36,external verified LotteryTexts Daywa 5/39 full history:https://lotterytexts.com/ghana/daywa-5-39/past-results/:ghana_local_date=2020-10-15
2020-10-16,5,10,18,23,30,external verified LotteryTexts Daywa 5/39 full history:https://lotterytexts.com/ghana/daywa-5-39/past-results/:ghana_local_date=2020-10-16
2020-10-17,2,16,19,26,27,external verified LotteryTexts Daywa 5/39 full history:https://lotterytexts.com/ghana/daywa-5-39/past-results/:ghana_local_date=2020-10-17
2020-10-19,5,13,17,22,34,external verified LotteryTexts Daywa 5/39 full history:https://lotterytexts.com/ghana/daywa-5-39/past-results/:ghana_local_date=2020-10-19
2020-10-20,13,23,24,29,38,external verified LotteryTexts Daywa 5/39 full history:https://lotterytexts.com/ghana/daywa-5-39/past-results/:ghana_local_date=2020-10-20
2020-10-21,6,9,25,33,35,external verified LotteryTexts Daywa 5/39 full history:https://lotterytexts.com/ghana/daywa-5-39/past-results/:ghana_local_date=2020-10-21
2020-10-22,6,21,25,31,33,external verified LotteryTexts Daywa 5/39 full history:https://lotterytexts.com/ghana/daywa-5-39/past-results/:ghana_local_date=2020-10-22
2020-10-23,6,10,11,14,16,external verified LotteryTexts Daywa 5/39 full history:https://lotterytexts.com/ghana/daywa-5-39/past-results/:ghana_local_date=2020-10-23
2020-10-24,8,9,18,26,37,external verified LotteryTexts Daywa 5/39 full history:https://lotterytexts.com/ghana/daywa-5-39/past-results/:ghana_local_date=2020-10-24
2020-10-26,11,13,22,27,37,external verified LotteryTexts Daywa 5/39 full history:https://lotterytexts.com/ghana/daywa-5-39/past-results/:ghana_local_date=2020-10-26
2020-10-27,11,14,19,23,34,external verified LotteryTexts Daywa 5/39 full history:https://lotterytexts.com/ghana/daywa-5-39/past-results/:ghana_local_date=2020-10-27
2020-10-28,8,12,20,22,33,external verified LotteryTexts Daywa 5/39 full history:https://lotterytexts.com/ghana/daywa-5-39/past-results/:ghana_local_date=2020-10-28
2020-10-29,2,17,18,33,37,external verified LotteryTexts Daywa 5/39 full history:https://lotterytexts.com/ghana/daywa-5-39/past-results/:ghana_local_date=2020-10-29
2020-10-30,4,14,15,17,28,external verified LotteryTexts Daywa 5/39 full history:https://lotterytexts.com/ghana/daywa-5-39/past-results/:ghana_local_date=2020-10-30
2020-10-31,3,6,8,31,38,external verified LotteryTexts Daywa 5/39 full history:https://lotterytexts.com/ghana/daywa-5-39/past-results/:ghana_local_date=2020-10-31
2020-11-02,2,8,14,25,28,external verified LotteryTexts Daywa 5/39 full history:https://lotterytexts.com/ghana/daywa-5-39/past-results/:ghana_local_date=2020-11-02
2020-11-03,10,14,21,29,38,external verified LotteryTexts Daywa 5/39 full history:https://lotterytexts.com/ghana/daywa-5-39/past-results/:ghana_local_date=2020-11-03
2020-11-04,19,27,33,35,36,external verified LotteryTexts Daywa 5/39 full history:https://lotterytexts.com/ghana/daywa-5-39/past-results/:ghana_local_date=2020-11-04
2020-11-05,11,18,22,30,32,external verified LotteryTexts Daywa 5/39 full history:https://lotterytexts.com/ghana/daywa-5-39/past-results/:ghana_local_date=2020-11-05
2020-11-06,8,17,19,27,33,external verified LotteryTexts Daywa 5/39 full history:https://lotterytexts.com/ghana/daywa-5-39/past-results/:ghana_local_date=2020-11-06
2020-11-07,3,4,13,18,31,external verified LotteryTexts Daywa 5/39 full history:https://lotterytexts.com/ghana/daywa-5-39/past-results/:ghana_local_date=2020-11-07
2020-11-09,12,15,21,22,32,external verified LotteryTexts Daywa 5/39 full history:https://lotterytexts.com/ghana/daywa-5-39/past-results/:ghana_local_date=2020-11-09
2020-11-10,24,25,26,28,34,external verified LotteryTexts Daywa 5/39 full history:https://lotterytexts.com/ghana/daywa-5-39/past-results/:ghana_local_date=2020-11-10
2020-11-11,2,11,24,28,34,external verified LotteryTexts Daywa 5/39 full history:https://lotterytexts.com/ghana/daywa-5-39/past-results/:ghana_local_date=2020-11-11
2020-11-12,14,17,24,30,35,external verified LotteryTexts Daywa 5/39 full history:https://lotterytexts.com/ghana/daywa-5-39/past-results/:ghana_local_date=2020-11-12
2020-11-13,9,10,12,20,34,external verified LotteryTexts Daywa 5/39 full history:https://lotterytexts.com/ghana/daywa-5-39/past-results/:ghana_local_date=2020-11-13
2020-11-14,11,12,25,34,36,external verified LotteryTexts Daywa 5/39 full history:https://lotterytexts.com/ghana/daywa-5-39/past-results/:ghana_local_date=2020-11-14
2020-11-16,14,20,25,29,34,external verified LotteryTexts Daywa 5/39 full history:https://lotterytexts.com/ghana/daywa-5-39/past-results/:ghana_local_date=2020-11-16
2020-11-17,1,11,30,34,35,external verified LotteryTexts Daywa 5/39 full history:https://lotterytexts.com/ghana/daywa-5-39/past-results/:ghana_local_date=2020-11-17
2020-11-18,1,3,5,38,39,external verified LotteryTexts Daywa 5/39 full history:https://lotterytexts.com/ghana/daywa-5-39/past-results/:ghana_local_date=2020-11-18
2020-11-19,8,16,27,33,35,external verified LotteryTexts Daywa 5/39 full history:https://lotterytexts.com/ghana/daywa-5-39/past-results/:ghana_local_date=2020-11-19
2020-11-20,1,10,17,20,24,external verified LotteryTexts Daywa 5/39 full history:https://lotterytexts.com/ghana/daywa-5-39/past-results/:ghana_local_date=2020-11-20
2020-11-21,3,9,19,33,35,external verified LotteryTexts Daywa 5/39 full history:https://lotterytexts.com/ghana/daywa-5-39/past-results/:ghana_local_date=2020-11-21
2020-11-23,9,14,15,18,32,external verified LotteryTexts Daywa 5/39 full history:https://lotterytexts.com/ghana/daywa-5-39/past-results/:ghana_local_date=2020-11-23
2020-11-24,8,18,25,28,33,external verified LotteryTexts Daywa 5/39 full history:https://lotterytexts.com/ghana/daywa-5-39/past-results/:ghana_local_date=2020-11-24
2020-11-25,13,21,26,31,36,external verified LotteryTexts Daywa 5/39 full history:https://lotterytexts.com/ghana/daywa-5-39/past-results/:ghana_local_date=2020-11-25
2020-11-26,11,15,21,22,26,external verified LotteryTexts Daywa 5/39 full history:https://lotterytexts.com/ghana/daywa-5-39/past-results/:ghana_local_date=2020-11-26
2020-11-27,2,7,8,15,25,external verified LotteryTexts Daywa 5/39 full history:https://lotterytexts.com/ghana/daywa-5-39/past-results/:ghana_local_date=2020-11-27
2020-11-28,7,14,20,26,36,external verified LotteryTexts Daywa 5/39 full history:https://lotterytexts.com/ghana/daywa-5-39/past-results/:ghana_local_date=2020-11-28
2020-11-30,7,17,23,27,32,external verified LotteryTexts Daywa 5/39 full history:https://lotterytexts.com/ghana/daywa-5-39/past-results/:ghana_local_date=2020-11-30
2020-12-01,6,8,9,25,36,external verified LotteryTexts Daywa 5/39 full history:https://lotterytexts.com/ghana/daywa-5-39/past-results/:ghana_local_date=2020-12-01
2020-12-02,19,21,26,29,35,external verified LotteryTexts Daywa 5/39 full history:https://lotterytexts.com/ghana/daywa-5-39/past-results/:ghana_local_date=2020-12-02
2020-12-03,4,7,13,20,25,external verified LotteryTexts Daywa 5/39 full history:https://lotterytexts.com/ghana/daywa-5-39/past-results/:ghana_local_date=2020-12-03
2020-12-04,5,15,28,32,36,external verified LotteryTexts Daywa 5/39 full history:https://lotterytexts.com/ghana/daywa-5-39/past-results/:ghana_local_date=2020-12-04
2020-12-08,1,13,25,26,28,external verified LotteryTexts Daywa 5/39 full history:https://lotterytexts.com/ghana/daywa-5-39/past-results/:ghana_local_date=2020-12-08
2020-12-09,8,15,17,26,28,external verified LotteryTexts Daywa 5/39 full history:https://lotterytexts.com/ghana/daywa-5-39/past-results/:ghana_local_date=2020-12-09
2020-12-10,8,17,21,36,38,external verified LotteryTexts Daywa 5/39 full history:https://lotterytexts.com/ghana/daywa-5-39/past-results/:ghana_local_date=2020-12-10
2020-12-11,11,14,15,22,39,external verified LotteryTexts Daywa 5/39 full history:https://lotterytexts.com/ghana/daywa-5-39/past-results/:ghana_local_date=2020-12-11
2020-12-12,5,11,16,24,30,external verified LotteryTexts Daywa 5/39 full history:https://lotterytexts.com/ghana/daywa-5-39/past-results/:ghana_local_date=2020-12-12
2020-12-14,3,6,13,19,22,external verified LotteryTexts Daywa 5/39 full history:https://lotterytexts.com/ghana/daywa-5-39/past-results/:ghana_local_date=2020-12-14
2020-12-15,2,12,21,23,30,external verified LotteryTexts Daywa 5/39 full history:https://lotterytexts.com/ghana/daywa-5-39/past-results/:ghana_local_date=2020-12-15
2020-12-16,15,19,28,30,32,external verified LotteryTexts Daywa 5/39 full history:https://lotterytexts.com/ghana/daywa-5-39/past-results/:ghana_local_date=2020-12-16
2020-12-17,1,14,22,26,36,external verified LotteryTexts Daywa 5/39 full history:https://lotterytexts.com/ghana/daywa-5-39/past-results/:ghana_local_date=2020-12-17
2020-12-18,4,11,22,31,35,external verified LotteryTexts Daywa 5/39 full history:https://lotterytexts.com/ghana/daywa-5-39/past-results/:ghana_local_date=2020-12-18
2020-12-19,3,4,15,28,30,external verified LotteryTexts Daywa 5/39 full history:https://lotterytexts.com/ghana/daywa-5-39/past-results/:ghana_local_date=2020-12-19
2020-12-21,4,8,17,26,27,external verified LotteryTexts Daywa 5/39 full history:https://lotterytexts.com/ghana/daywa-5-39/past-results/:ghana_local_date=2020-12-21
2020-12-22,12,16,24,25,39,external verified LotteryTexts Daywa 5/39 full history:https://lotterytexts.com/ghana/daywa-5-39/past-results/:ghana_local_date=2020-12-22
2020-12-23,3,5,21,29,30,external verified LotteryTexts Daywa 5/39 full history:https://lotterytexts.com/ghana/daywa-5-39/past-results/:ghana_local_date=2020-12-23
2020-12-24,20,22,34,37,38,external verified LotteryTexts Daywa 5/39 full history:https://lotterytexts.com/ghana/daywa-5-39/past-results/:ghana_local_date=2020-12-24
2020-12-29,3,18,21,26,28,external verified LotteryTexts Daywa 5/39 full history:https://lotterytexts.com/ghana/daywa-5-39/past-results/:ghana_local_date=2020-12-29
2020-12-30,1,2,5,15,30,external verified LotteryTexts Daywa 5/39 full history:https://lotterytexts.com/ghana/daywa-5-39/past-results/:ghana_local_date=2020-12-30
2020-12-31,8,16,18,25,30,external verified LotteryTexts Daywa 5/39 full history:https://lotterytexts.com/ghana/daywa-5-39/past-results/:ghana_local_date=2020-12-31
2021-01-02,5,10,16,18,37,external verified LotteryTexts Daywa 5/39 full history:https://lotterytexts.com/ghana/daywa-5-39/past-results/:ghana_local_date=2021-01-02
2021-01-04,1,9,13,22,24,external verified LotteryTexts Daywa 5/39 full history:https://lotterytexts.com/ghana/daywa-5-39/past-results/:ghana_local_date=2021-01-04
2021-01-05,19,21,28,32,35,external verified LotteryTexts Daywa 5/39 full history:https://lotterytexts.com/ghana/daywa-5-39/past-results/:ghana_local_date=2021-01-05
2021-01-06,2,15,23,30,34,external verified LotteryTexts Daywa 5/39 full history:https://lotterytexts.com/ghana/daywa-5-39/past-results/:ghana_local_date=2021-01-06
2021-01-08,4,11,17,22,27,external verified LotteryTexts Daywa 5/39 full history:https://lotterytexts.com/ghana/daywa-5-39/past-results/:ghana_local_date=2021-01-08
2021-01-11,8,13,14,22,37,external verified LotteryTexts Daywa 5/39 full history:https://lotterytexts.com/ghana/daywa-5-39/past-results/:ghana_local_date=2021-01-11
2021-01-12,7,8,12,20,34,external verified LotteryTexts Daywa 5/39 full history:https://lotterytexts.com/ghana/daywa-5-39/past-results/:ghana_local_date=2021-01-12
2021-01-13,18,26,31,34,36,external verified LotteryTexts Daywa 5/39 full history:https://lotterytexts.com/ghana/daywa-5-39/past-results/:ghana_local_date=2021-01-13
2021-01-14,4,21,22,24,38,external verified LotteryTexts Daywa 5/39 full history:https://lotterytexts.com/ghana/daywa-5-39/past-results/:ghana_local_date=2021-01-14
2021-01-15,1,18,28,30,36,external verified LotteryTexts Daywa 5/39 full history:https://lotterytexts.com/ghana/daywa-5-39/past-results/:ghana_local_date=2021-01-15
2021-01-16,4,12,13,24,35,external verified LotteryTexts Daywa 5/39 full history:https://lotterytexts.com/ghana/daywa-5-39/past-results/:ghana_local_date=2021-01-16
2021-01-18,8,9,16,23,35,external verified LotteryTexts Daywa 5/39 full history:https://lotterytexts.com/ghana/daywa-5-39/past-results/:ghana_local_date=2021-01-18
2021-01-19,1,2,3,18,28,external verified LotteryTexts Daywa 5/39 full history:https://lotterytexts.com/ghana/daywa-5-39/past-results/:ghana_local_date=2021-01-19
2021-01-20,1,5,19,26,34,external verified LotteryTexts Daywa 5/39 full history:https://lotterytexts.com/ghana/daywa-5-39/past-results/:ghana_local_date=2021-01-20
2021-01-21,2,3,10,24,29,external verified LotteryTexts Daywa 5/39 full history:https://lotterytexts.com/ghana/daywa-5-39/past-results/:ghana_local_date=2021-01-21
2021-01-22,1,3,7,13,26,external verified LotteryTexts Daywa 5/39 full history:https://lotterytexts.com/ghana/daywa-5-39/past-results/:ghana_local_date=2021-01-22
2021-01-23,1,15,22,31,36,external verified LotteryTexts Daywa 5/39 full history:https://lotterytexts.com/ghana/daywa-5-39/past-results/:ghana_local_date=2021-01-23
2021-01-25,20,24,31,33,38,external verified LotteryTexts Daywa 5/39 full history:https://lotterytexts.com/ghana/daywa-5-39/past-results/:ghana_local_date=2021-01-25
2021-01-26,4,5,6,28,36,external verified LotteryTexts Daywa 5/39 full history:https://lotterytexts.com/ghana/daywa-5-39/past-results/:ghana_local_date=2021-01-26
2021-01-27,9,11,18,20,25,external verified LotteryTexts Daywa 5/39 full history:https://lotterytexts.com/ghana/daywa-5-39/past-results/:ghana_local_date=2021-01-27
2021-01-28,21,26,27,30,34,external verified LotteryTexts Daywa 5/39 full history:https://lotterytexts.com/ghana/daywa-5-39/past-results/:ghana_local_date=2021-01-28
2021-01-29,1,6,27,30,35,external verified LotteryTexts Daywa 5/39 full history:https://lotterytexts.com/ghana/daywa-5-39/past-results/:ghana_local_date=2021-01-29
2021-01-30,4,17,23,32,36,external verified LotteryTexts Daywa 5/39 full history:https://lotterytexts.com/ghana/daywa-5-39/past-results/:ghana_local_date=2021-01-30
2021-02-01,7,16,18,21,38,external verified LotteryTexts Daywa 5/39 full history:https://lotterytexts.com/ghana/daywa-5-39/past-results/:ghana_local_date=2021-02-01
2021-02-02,18,22,23,31,34,external verified LotteryTexts Daywa 5/39 full history:https://lotterytexts.com/ghana/daywa-5-39/past-results/:ghana_local_date=2021-02-02
2021-02-03,2,6,17,20,32,external verified LotteryTexts Daywa 5/39 full history:https://lotterytexts.com/ghana/daywa-5-39/past-results/:ghana_local_date=2021-02-03
2021-02-04,23,27,28,34,37,external verified LotteryTexts Daywa 5/39 full history:https://lotterytexts.com/ghana/daywa-5-39/past-results/:ghana_local_date=2021-02-04
2021-02-05,7,8,11,20,27,external verified LotteryTexts Daywa 5/39 full history:https://lotterytexts.com/ghana/daywa-5-39/past-results/:ghana_local_date=2021-02-05
2021-02-06,16,20,31,32,36,external verified LotteryTexts Daywa 5/39 full history:https://lotterytexts.com/ghana/daywa-5-39/past-results/:ghana_local_date=2021-02-06
2021-02-08,3,13,14,22,39,external verified LotteryTexts Daywa 5/39 full history:https://lotterytexts.com/ghana/daywa-5-39/past-results/:ghana_local_date=2021-02-08
2021-02-09,5,19,26,34,36,external verified LotteryTexts Daywa 5/39 full history:https://lotterytexts.com/ghana/daywa-5-39/past-results/:ghana_local_date=2021-02-09
2021-02-10,4,16,23,28,39,external verified LotteryTexts Daywa 5/39 full history:https://lotterytexts.com/ghana/daywa-5-39/past-results/:ghana_local_date=2021-02-10
2021-02-11,5,14,26,29,31,external verified LotteryTexts Daywa 5/39 full history:https://lotterytexts.com/ghana/daywa-5-39/past-results/:ghana_local_date=2021-02-11
2021-02-12,2,22,28,31,38,external verified LotteryTexts Daywa 5/39 full history:https://lotterytexts.com/ghana/daywa-5-39/past-results/:ghana_local_date=2021-02-12
2021-02-13,6,19,25,28,35,external verified LotteryTexts Daywa 5/39 full history:https://lotterytexts.com/ghana/daywa-5-39/past-results/:ghana_local_date=2021-02-13
2021-02-15,3,6,20,34,39,external verified LotteryTexts Daywa 5/39 full history:https://lotterytexts.com/ghana/daywa-5-39/past-results/:ghana_local_date=2021-02-15
2021-02-16,4,11,15,26,29,external verified LotteryTexts Daywa 5/39 full history:https://lotterytexts.com/ghana/daywa-5-39/past-results/:ghana_local_date=2021-02-16
2021-02-17,9,11,25,35,36,external verified LotteryTexts Daywa 5/39 full history:https://lotterytexts.com/ghana/daywa-5-39/past-results/:ghana_local_date=2021-02-17
2021-02-18,1,2,3,9,28,external verified LotteryTexts Daywa 5/39 full history:https://lotterytexts.com/ghana/daywa-5-39/past-results/:ghana_local_date=2021-02-18
2021-02-19,7,19,25,28,35,external verified LotteryTexts Daywa 5/39 full history:https://lotterytexts.com/ghana/daywa-5-39/past-results/:ghana_local_date=2021-02-19
2021-02-20,2,5,9,19,32,external verified LotteryTexts Daywa 5/39 full history:https://lotterytexts.com/ghana/daywa-5-39/past-results/:ghana_local_date=2021-02-20
2021-02-22,3,24,25,27,34,external verified LotteryTexts Daywa 5/39 full history:https://lotterytexts.com/ghana/daywa-5-39/past-results/:ghana_local_date=2021-02-22
2021-02-23,11,27,31,34,39,external verified LotteryTexts Daywa 5/39 full history:https://lotterytexts.com/ghana/daywa-5-39/past-results/:ghana_local_date=2021-02-23
2021-02-24,5,11,34,35,36,external verified LotteryTexts Daywa 5/39 full history:https://lotterytexts.com/ghana/daywa-5-39/past-results/:ghana_local_date=2021-02-24
2021-02-25,4,12,37,38,39,external verified LotteryTexts Daywa 5/39 full history:https://lotterytexts.com/ghana/daywa-5-39/past-results/:ghana_local_date=2021-02-25
2021-02-26,2,14,23,33,37,external verified LotteryTexts Daywa 5/39 full history:https://lotterytexts.com/ghana/daywa-5-39/past-results/:ghana_local_date=2021-02-26
2021-03-01,14,27,28,30,31,external verified LotteryTexts Daywa 5/39 full history:https://lotterytexts.com/ghana/daywa-5-39/past-results/:ghana_local_date=2021-03-01
2021-03-02,4,24,26,35,39,external verified LotteryTexts Daywa 5/39 full history:https://lotterytexts.com/ghana/daywa-5-39/past-results/:ghana_local_date=2021-03-02
2021-03-03,1,20,26,31,39,external verified LotteryTexts Daywa 5/39 full history:https://lotterytexts.com/ghana/daywa-5-39/past-results/:ghana_local_date=2021-03-03
2021-03-04,3,4,7,8,13,external verified LotteryTexts Daywa 5/39 full history:https://lotterytexts.com/ghana/daywa-5-39/past-results/:ghana_local_date=2021-03-04
2021-03-05,1,21,24,34,39,external verified LotteryTexts Daywa 5/39 full history:https://lotterytexts.com/ghana/daywa-5-39/past-results/:ghana_local_date=2021-03-05
2021-03-06,14,20,21,32,35,external verified LotteryTexts Daywa 5/39 full history:https://lotterytexts.com/ghana/daywa-5-39/past-results/:ghana_local_date=2021-03-06
2021-03-09,1,17,18,30,38,external verified LotteryTexts Daywa 5/39 full history:https://lotterytexts.com/ghana/daywa-5-39/past-results/:ghana_local_date=2021-03-09
2021-03-10,1,20,26,36,37,external verified LotteryTexts Daywa 5/39 full history:https://lotterytexts.com/ghana/daywa-5-39/past-results/:ghana_local_date=2021-03-10
2021-03-11,2,8,26,28,38,external verified LotteryTexts Daywa 5/39 full history:https://lotterytexts.com/ghana/daywa-5-39/past-results/:ghana_local_date=2021-03-11
2021-03-12,1,2,11,12,38,external verified LotteryTexts Daywa 5/39 full history:https://lotterytexts.com/ghana/daywa-5-39/past-results/:ghana_local_date=2021-03-12
2021-03-13,2,7,17,27,28,external verified LotteryTexts Daywa 5/39 full history:https://lotterytexts.com/ghana/daywa-5-39/past-results/:ghana_local_date=2021-03-13
2021-03-15,3,15,29,31,35,external verified LotteryTexts Daywa 5/39 full history:https://lotterytexts.com/ghana/daywa-5-39/past-results/:ghana_local_date=2021-03-15
2021-03-16,10,24,29,31,35,external verified LotteryTexts Daywa 5/39 full history:https://lotterytexts.com/ghana/daywa-5-39/past-results/:ghana_local_date=2021-03-16
2021-03-17,19,21,34,36,37,external verified LotteryTexts Daywa 5/39 full history:https://lotterytexts.com/ghana/daywa-5-39/past-results/:ghana_local_date=2021-03-17
2021-03-19,7,8,11,18,33,external verified LotteryTexts Daywa 5/39 full history:https://lotterytexts.com/ghana/daywa-5-39/past-results/:ghana_local_date=2021-03-19
2021-03-20,7,9,21,29,33,external verified LotteryTexts Daywa 5/39 full history:https://lotterytexts.com/ghana/daywa-5-39/past-results/:ghana_local_date=2021-03-20
2021-03-22,7,15,25,31,32,external verified LotteryTexts Daywa 5/39 full history:https://lotterytexts.com/ghana/daywa-5-39/past-results/:ghana_local_date=2021-03-22
2021-03-23,4,22,25,37,39,external verified LotteryTexts Daywa 5/39 full history:https://lotterytexts.com/ghana/daywa-5-39/past-results/:ghana_local_date=2021-03-23
2021-03-24,11,14,16,18,39,external verified LotteryTexts Daywa 5/39 full history:https://lotterytexts.com/ghana/daywa-5-39/past-results/:ghana_local_date=2021-03-24
2021-03-25,10,12,24,25,37,external verified LotteryTexts Daywa 5/39 full history:https://lotterytexts.com/ghana/daywa-5-39/past-results/:ghana_local_date=2021-03-25
2021-03-26,3,10,12,15,25,external verified LotteryTexts Daywa 5/39 full history:https://lotterytexts.com/ghana/daywa-5-39/past-results/:ghana_local_date=2021-03-26
2021-03-27,12,20,31,32,39,external verified LotteryTexts Daywa 5/39 full history:https://lotterytexts.com/ghana/daywa-5-39/past-results/:ghana_local_date=2021-03-27
2021-03-29,3,6,28,29,30,external verified LotteryTexts Daywa 5/39 full history:https://lotterytexts.com/ghana/daywa-5-39/past-results/:ghana_local_date=2021-03-29
2021-03-30,5,6,12,13,35,external verified LotteryTexts Daywa 5/39 full history:https://lotterytexts.com/ghana/daywa-5-39/past-results/:ghana_local_date=2021-03-30
2021-03-31,3,10,26,33,38,external verified LotteryTexts Daywa 5/39 full history:https://lotterytexts.com/ghana/daywa-5-39/past-results/:ghana_local_date=2021-03-31
2021-04-01,9,13,14,18,19,external verified LotteryTexts Daywa 5/39 full history:https://lotterytexts.com/ghana/daywa-5-39/past-results/:ghana_local_date=2021-04-01
2021-04-06,1,7,10,15,30,external verified LotteryTexts Daywa 5/39 full history:https://lotterytexts.com/ghana/daywa-5-39/past-results/:ghana_local_date=2021-04-06
2021-04-07,15,17,19,28,31,external verified LotteryTexts Daywa 5/39 full history:https://lotterytexts.com/ghana/daywa-5-39/past-results/:ghana_local_date=2021-04-07
2021-04-08,10,20,21,26,35,external verified LotteryTexts Daywa 5/39 full history:https://lotterytexts.com/ghana/daywa-5-39/past-results/:ghana_local_date=2021-04-08
2021-04-09,2,4,11,32,37,external verified LotteryTexts Daywa 5/39 full history:https://lotterytexts.com/ghana/daywa-5-39/past-results/:ghana_local_date=2021-04-09
2021-04-10,5,13,20,24,25,external verified LotteryTexts Daywa 5/39 full history:https://lotterytexts.com/ghana/daywa-5-39/past-results/:ghana_local_date=2021-04-10
2021-04-12,13,17,31,33,39,external verified LotteryTexts Daywa 5/39 full history:https://lotterytexts.com/ghana/daywa-5-39/past-results/:ghana_local_date=2021-04-12
2021-04-13,7,13,18,28,31,external verified LotteryTexts Daywa 5/39 full history:https://lotterytexts.com/ghana/daywa-5-39/past-results/:ghana_local_date=2021-04-13
2021-04-14,8,23,31,36,39,external verified LotteryTexts Daywa 5/39 full history:https://lotterytexts.com/ghana/daywa-5-39/past-results/:ghana_local_date=2021-04-14
2021-04-15,11,14,24,33,38,external verified LotteryTexts Daywa 5/39 full history:https://lotterytexts.com/ghana/daywa-5-39/past-results/:ghana_local_date=2021-04-15
2021-04-16,5,6,9,25,31,external verified LotteryTexts Daywa 5/39 full history:https://lotterytexts.com/ghana/daywa-5-39/past-results/:ghana_local_date=2021-04-16
2021-04-17,10,12,25,29,33,external verified LotteryTexts Daywa 5/39 full history:https://lotterytexts.com/ghana/daywa-5-39/past-results/:ghana_local_date=2021-04-17
2021-04-19,1,4,8,19,26,external verified LotteryTexts Daywa 5/39 full history:https://lotterytexts.com/ghana/daywa-5-39/past-results/:ghana_local_date=2021-04-19
2021-04-20,14,15,29,33,37,external verified LotteryTexts Daywa 5/39 full history:https://lotterytexts.com/ghana/daywa-5-39/past-results/:ghana_local_date=2021-04-20
2021-04-21,3,5,10,11,38,external verified LotteryTexts Daywa 5/39 full history:https://lotterytexts.com/ghana/daywa-5-39/past-results/:ghana_local_date=2021-04-21
2021-04-22,7,19,22,24,31,external verified LotteryTexts Daywa 5/39 full history:https://lotterytexts.com/ghana/daywa-5-39/past-results/:ghana_local_date=2021-04-22
2021-04-23,2,15,20,29,37,external verified LotteryTexts Daywa 5/39 full history:https://lotterytexts.com/ghana/daywa-5-39/past-results/:ghana_local_date=2021-04-23
2021-04-24,1,4,12,27,35,external verified LotteryTexts Daywa 5/39 full history:https://lotterytexts.com/ghana/daywa-5-39/past-results/:ghana_local_date=2021-04-24
2021-04-26,1,16,22,30,32,external verified LotteryTexts Daywa 5/39 full history:https://lotterytexts.com/ghana/daywa-5-39/past-results/:ghana_local_date=2021-04-26
2021-04-27,8,13,17,23,35,external verified LotteryTexts Daywa 5/39 full history:https://lotterytexts.com/ghana/daywa-5-39/past-results/:ghana_local_date=2021-04-27
2021-04-28,4,13,29,32,33,external verified LotteryTexts Daywa 5/39 full history:https://lotterytexts.com/ghana/daywa-5-39/past-results/:ghana_local_date=2021-04-28
2021-04-29,11,28,34,36,39,external verified LotteryTexts Daywa 5/39 full history:https://lotterytexts.com/ghana/daywa-5-39/past-results/:ghana_local_date=2021-04-29
2021-04-30,1,23,27,31,38,external verified LotteryTexts Daywa 5/39 full history:https://lotterytexts.com/ghana/daywa-5-39/past-results/:ghana_local_date=2021-04-30
2021-05-01,2,9,15,20,35,external verified LotteryTexts Daywa 5/39 full history:https://lotterytexts.com/ghana/daywa-5-39/past-results/:ghana_local_date=2021-05-01
2021-05-04,2,25,26,31,32,external verified LotteryTexts Daywa 5/39 full history:https://lotterytexts.com/ghana/daywa-5-39/past-results/:ghana_local_date=2021-05-04
2021-05-05,11,21,23,31,39,external verified LotteryTexts Daywa 5/39 full history:https://lotterytexts.com/ghana/daywa-5-39/past-results/:ghana_local_date=2021-05-05
2021-05-06,2,5,9,10,21,external verified LotteryTexts Daywa 5/39 full history:https://lotterytexts.com/ghana/daywa-5-39/past-results/:ghana_local_date=2021-05-06
2021-05-07,6,15,34,35,39,external verified LotteryTexts Daywa 5/39 full history:https://lotterytexts.com/ghana/daywa-5-39/past-results/:ghana_local_date=2021-05-07
2021-05-08,6,7,22,23,33,external verified LotteryTexts Daywa 5/39 full history:https://lotterytexts.com/ghana/daywa-5-39/past-results/:ghana_local_date=2021-05-08
2021-05-10,3,5,33,34,35,external verified LotteryTexts Daywa 5/39 full history:https://lotterytexts.com/ghana/daywa-5-39/past-results/:ghana_local_date=2021-05-10
2021-05-11,2,12,16,21,38,external verified LotteryTexts Daywa 5/39 full history:https://lotterytexts.com/ghana/daywa-5-39/past-results/:ghana_local_date=2021-05-11
2021-05-12,1,18,25,38,39,external verified LotteryTexts Daywa 5/39 full history:https://lotterytexts.com/ghana/daywa-5-39/past-results/:ghana_local_date=2021-05-12
2021-05-14,6,10,11,12,33,external verified LotteryTexts Daywa 5/39 full history:https://lotterytexts.com/ghana/daywa-5-39/past-results/:ghana_local_date=2021-05-14
2021-05-15,5,8,24,25,38,external verified LotteryTexts Daywa 5/39 full history:https://lotterytexts.com/ghana/daywa-5-39/past-results/:ghana_local_date=2021-05-15
2021-05-17,1,16,22,29,32,external verified LotteryTexts Daywa 5/39 full history:https://lotterytexts.com/ghana/daywa-5-39/past-results/:ghana_local_date=2021-05-17
2021-05-18,3,11,21,37,39,external verified LotteryTexts Daywa 5/39 full history:https://lotterytexts.com/ghana/daywa-5-39/past-results/:ghana_local_date=2021-05-18
2021-05-20,2,4,21,24,31,external verified LotteryTexts Daywa 5/39 full history:https://lotterytexts.com/ghana/daywa-5-39/past-results/:ghana_local_date=2021-05-20
2021-05-21,1,14,18,31,34,external verified LotteryTexts Daywa 5/39 full history:https://lotterytexts.com/ghana/daywa-5-39/past-results/:ghana_local_date=2021-05-21
2021-05-22,1,5,13,31,35,external verified LotteryTexts Daywa 5/39 full history:https://lotterytexts.com/ghana/daywa-5-39/past-results/:ghana_local_date=2021-05-22
2021-05-24,13,26,31,34,37,external verified LotteryTexts Daywa 5/39 full history:https://lotterytexts.com/ghana/daywa-5-39/past-results/:ghana_local_date=2021-05-24
2021-05-25,1,12,14,27,30,external verified LotteryTexts Daywa 5/39 full history:https://lotterytexts.com/ghana/daywa-5-39/past-results/:ghana_local_date=2021-05-25
2021-05-26,17,23,33,34,39,external verified LotteryTexts Daywa 5/39 full history:https://lotterytexts.com/ghana/daywa-5-39/past-results/:ghana_local_date=2021-05-26
2021-05-27,1,2,22,23,28,external verified LotteryTexts Daywa 5/39 full history:https://lotterytexts.com/ghana/daywa-5-39/past-results/:ghana_local_date=2021-05-27
2021-05-28,4,5,6,9,16,external verified LotteryTexts Daywa 5/39 full history:https://lotterytexts.com/ghana/daywa-5-39/past-results/:ghana_local_date=2021-05-28
2021-05-29,6,7,20,26,39,external verified LotteryTexts Daywa 5/39 full history:https://lotterytexts.com/ghana/daywa-5-39/past-results/:ghana_local_date=2021-05-29
2021-05-31,1,4,8,16,36,external verified LotteryTexts Daywa 5/39 full history:https://lotterytexts.com/ghana/daywa-5-39/past-results/:ghana_local_date=2021-05-31
2021-06-01,8,11,25,31,37,external verified LotteryTexts Daywa 5/39 full history:https://lotterytexts.com/ghana/daywa-5-39/past-results/:ghana_local_date=2021-06-01
2021-06-02,6,17,20,24,33,external verified LotteryTexts Daywa 5/39 full history:https://lotterytexts.com/ghana/daywa-5-39/past-results/:ghana_local_date=2021-06-02
2021-06-03,5,12,13,23,29,external verified LotteryTexts Daywa 5/39 full history:https://lotterytexts.com/ghana/daywa-5-39/past-results/:ghana_local_date=2021-06-03
2021-06-04,5,21,26,27,31,external verified LotteryTexts Daywa 5/39 full history:https://lotterytexts.com/ghana/daywa-5-39/past-results/:ghana_local_date=2021-06-04
2021-06-05,19,21,22,34,36,external verified LotteryTexts Daywa 5/39 full history:https://lotterytexts.com/ghana/daywa-5-39/past-results/:ghana_local_date=2021-06-05
2021-06-07,4,6,13,29,36,external verified LotteryTexts Daywa 5/39 full history:https://lotterytexts.com/ghana/daywa-5-39/past-results/:ghana_local_date=2021-06-07
2021-06-08,1,4,9,21,32,external verified LotteryTexts Daywa 5/39 full history:https://lotterytexts.com/ghana/daywa-5-39/past-results/:ghana_local_date=2021-06-08
2021-06-09,3,6,10,17,33,external verified LotteryTexts Daywa 5/39 full history:https://lotterytexts.com/ghana/daywa-5-39/past-results/:ghana_local_date=2021-06-09
2021-06-10,6,10,17,29,30,external verified LotteryTexts Daywa 5/39 full history:https://lotterytexts.com/ghana/daywa-5-39/past-results/:ghana_local_date=2021-06-10
2021-06-11,2,20,23,26,31,external verified LotteryTexts Daywa 5/39 full history:https://lotterytexts.com/ghana/daywa-5-39/past-results/:ghana_local_date=2021-06-11
2021-06-12,17,23,28,34,35,external verified LotteryTexts Daywa 5/39 full history:https://lotterytexts.com/ghana/daywa-5-39/past-results/:ghana_local_date=2021-06-12
2021-06-15,5,8,10,25,34,external verified LotteryTexts Daywa 5/39 full history:https://lotterytexts.com/ghana/daywa-5-39/past-results/:ghana_local_date=2021-06-15
2021-06-16,17,19,23,36,38,external verified LotteryTexts Daywa 5/39 full history:https://lotterytexts.com/ghana/daywa-5-39/past-results/:ghana_local_date=2021-06-16
2021-06-17,14,15,19,28,36,external verified LotteryTexts Daywa 5/39 full history:https://lotterytexts.com/ghana/daywa-5-39/past-results/:ghana_local_date=2021-06-17
2021-06-18,5,13,17,19,39,external verified LotteryTexts Daywa 5/39 full history:https://lotterytexts.com/ghana/daywa-5-39/past-results/:ghana_local_date=2021-06-18
2021-06-22,3,8,12,27,34,external verified LotteryTexts Daywa 5/39 full history:https://lotterytexts.com/ghana/daywa-5-39/past-results/:ghana_local_date=2021-06-22
2021-06-23,8,18,22,37,38,external verified LotteryTexts Daywa 5/39 full history:https://lotterytexts.com/ghana/daywa-5-39/past-results/:ghana_local_date=2021-06-23
2021-06-24,4,9,14,23,32,external verified LotteryTexts Daywa 5/39 full history:https://lotterytexts.com/ghana/daywa-5-39/past-results/:ghana_local_date=2021-06-24
2021-06-25,5,10,12,18,38,external verified LotteryTexts Daywa 5/39 full history:https://lotterytexts.com/ghana/daywa-5-39/past-results/:ghana_local_date=2021-06-25
2021-06-28,2,14,19,29,38,external verified LotteryTexts Daywa 5/39 full history:https://lotterytexts.com/ghana/daywa-5-39/past-results/:ghana_local_date=2021-06-28
2021-06-29,6,7,10,18,33,external verified LotteryTexts Daywa 5/39 full history:https://lotterytexts.com/ghana/daywa-5-39/past-results/:ghana_local_date=2021-06-29
2021-06-30,7,8,11,17,20,external verified LotteryTexts Daywa 5/39 full history:https://lotterytexts.com/ghana/daywa-5-39/past-results/:ghana_local_date=2021-06-30
2021-07-03,8,14,28,36,39,external verified LotteryTexts Daywa 5/39 full history:https://lotterytexts.com/ghana/daywa-5-39/past-results/:ghana_local_date=2021-07-03
2021-07-05,14,17,23,27,31,external verified LotteryTexts Daywa 5/39 full history:https://lotterytexts.com/ghana/daywa-5-39/past-results/:ghana_local_date=2021-07-05
2021-07-07,10,28,29,34,38,external verified LotteryTexts Daywa 5/39 full history:https://lotterytexts.com/ghana/daywa-5-39/past-results/:ghana_local_date=2021-07-07
2021-07-08,1,18,30,33,37,external verified LotteryTexts Daywa 5/39 full history:https://lotterytexts.com/ghana/daywa-5-39/past-results/:ghana_local_date=2021-07-08
2021-07-09,1,15,17,24,38,external verified LotteryTexts Daywa 5/39 full history:https://lotterytexts.com/ghana/daywa-5-39/past-results/:ghana_local_date=2021-07-09
2021-07-10,10,15,18,27,38,external verified LotteryTexts Daywa 5/39 full history:https://lotterytexts.com/ghana/daywa-5-39/past-results/:ghana_local_date=2021-07-10
2021-07-13,5,6,16,23,39,external verified LotteryTexts Daywa 5/39 full history:https://lotterytexts.com/ghana/daywa-5-39/past-results/:ghana_local_date=2021-07-13
2021-07-14,9,19,22,28,39,external verified LotteryTexts Daywa 5/39 full history:https://lotterytexts.com/ghana/daywa-5-39/past-results/:ghana_local_date=2021-07-14
2021-07-15,2,5,23,31,38,external verified LotteryTexts Daywa 5/39 full history:https://lotterytexts.com/ghana/daywa-5-39/past-results/:ghana_local_date=2021-07-15
2021-07-16,8,15,17,32,33,external verified LotteryTexts Daywa 5/39 full history:https://lotterytexts.com/ghana/daywa-5-39/past-results/:ghana_local_date=2021-07-16
2021-07-17,2,11,14,30,34,external verified LotteryTexts Daywa 5/39 full history:https://lotterytexts.com/ghana/daywa-5-39/past-results/:ghana_local_date=2021-07-17
2021-07-19,7,15,16,30,39,external verified LotteryTexts Daywa 5/39 full history:https://lotterytexts.com/ghana/daywa-5-39/past-results/:ghana_local_date=2021-07-19
2021-07-21,5,16,26,33,37,external verified LotteryTexts Daywa 5/39 full history:https://lotterytexts.com/ghana/daywa-5-39/past-results/:ghana_local_date=2021-07-21
2021-07-22,6,7,11,14,34,external verified LotteryTexts Daywa 5/39 full history:https://lotterytexts.com/ghana/daywa-5-39/past-results/:ghana_local_date=2021-07-22
2021-07-23,20,25,31,33,34,external verified LotteryTexts Daywa 5/39 full history:https://lotterytexts.com/ghana/daywa-5-39/past-results/:ghana_local_date=2021-07-23
2021-07-24,8,11,16,34,36,external verified LotteryTexts Daywa 5/39 full history:https://lotterytexts.com/ghana/daywa-5-39/past-results/:ghana_local_date=2021-07-24
2021-07-26,3,12,17,19,39,external verified LotteryTexts Daywa 5/39 full history:https://lotterytexts.com/ghana/daywa-5-39/past-results/:ghana_local_date=2021-07-26
2021-07-27,4,8,10,17,39,external verified LotteryTexts Daywa 5/39 full history:https://lotterytexts.com/ghana/daywa-5-39/past-results/:ghana_local_date=2021-07-27
2021-07-28,6,22,23,31,37,external verified LotteryTexts Daywa 5/39 full history:https://lotterytexts.com/ghana/daywa-5-39/past-results/:ghana_local_date=2021-07-28
2021-07-29,5,9,22,32,33,external verified LotteryTexts Daywa 5/39 full history:https://lotterytexts.com/ghana/daywa-5-39/past-results/:ghana_local_date=2021-07-29
2021-07-31,16,23,25,33,39,external verified LotteryTexts Daywa 5/39 full history:https://lotterytexts.com/ghana/daywa-5-39/past-results/:ghana_local_date=2021-07-31
2021-08-02,3,17,22,29,32,external verified LotteryTexts Daywa 5/39 full history:https://lotterytexts.com/ghana/daywa-5-39/past-results/:ghana_local_date=2021-08-02
2021-08-03,4,14,26,33,38,external verified LotteryTexts Daywa 5/39 full history:https://lotterytexts.com/ghana/daywa-5-39/past-results/:ghana_local_date=2021-08-03
2021-08-05,1,9,12,18,25,external verified LotteryTexts Daywa 5/39 full history:https://lotterytexts.com/ghana/daywa-5-39/past-results/:ghana_local_date=2021-08-05
2021-08-06,14,18,24,34,36,external verified LotteryTexts Daywa 5/39 full history:https://lotterytexts.com/ghana/daywa-5-39/past-results/:ghana_local_date=2021-08-06
2021-08-07,7,12,27,29,31,external verified LotteryTexts Daywa 5/39 full history:https://lotterytexts.com/ghana/daywa-5-39/past-results/:ghana_local_date=2021-08-07
2021-08-09,4,6,27,31,32,external verified LotteryTexts Daywa 5/39 full history:https://lotterytexts.com/ghana/daywa-5-39/past-results/:ghana_local_date=2021-08-09
2021-08-11,8,14,22,29,35,external verified LotteryTexts Daywa 5/39 full history:https://lotterytexts.com/ghana/daywa-5-39/past-results/:ghana_local_date=2021-08-11
2021-08-12,10,17,18,24,28,external verified LotteryTexts Daywa 5/39 full history:https://lotterytexts.com/ghana/daywa-5-39/past-results/:ghana_local_date=2021-08-12
2021-08-13,18,22,27,29,37,external verified LotteryTexts Daywa 5/39 full history:https://lotterytexts.com/ghana/daywa-5-39/past-results/:ghana_local_date=2021-08-13
2021-08-14,8,15,23,34,38,external verified LotteryTexts Daywa 5/39 full history:https://lotterytexts.com/ghana/daywa-5-39/past-results/:ghana_local_date=2021-08-14
2021-08-16,6,23,25,27,29,external verified LotteryTexts Daywa 5/39 full history:https://lotterytexts.com/ghana/daywa-5-39/past-results/:ghana_local_date=2021-08-16
2021-08-17,3,12,23,25,32,external verified LotteryTexts Daywa 5/39 full history:https://lotterytexts.com/ghana/daywa-5-39/past-results/:ghana_local_date=2021-08-17
2021-08-18,2,10,18,29,30,external verified LotteryTexts Daywa 5/39 full history:https://lotterytexts.com/ghana/daywa-5-39/past-results/:ghana_local_date=2021-08-18
2021-08-19,10,15,21,32,33,external verified LotteryTexts Daywa 5/39 full history:https://lotterytexts.com/ghana/daywa-5-39/past-results/:ghana_local_date=2021-08-19
2021-08-21,5,8,13,17,32,external verified LotteryTexts Daywa 5/39 full history:https://lotterytexts.com/ghana/daywa-5-39/past-results/:ghana_local_date=2021-08-21
2021-08-23,1,18,29,30,33,external verified LotteryTexts Daywa 5/39 full history:https://lotterytexts.com/ghana/daywa-5-39/past-results/:ghana_local_date=2021-08-23
2021-08-24,2,4,7,8,35,external verified LotteryTexts Daywa 5/39 full history:https://lotterytexts.com/ghana/daywa-5-39/past-results/:ghana_local_date=2021-08-24
2021-08-25,3,14,25,28,37,external verified LotteryTexts Daywa 5/39 full history:https://lotterytexts.com/ghana/daywa-5-39/past-results/:ghana_local_date=2021-08-25
2021-08-26,4,12,13,18,19,external verified LotteryTexts Daywa 5/39 full history:https://lotterytexts.com/ghana/daywa-5-39/past-results/:ghana_local_date=2021-08-26
2021-08-27,1,6,17,20,25,external verified LotteryTexts Daywa 5/39 full history:https://lotterytexts.com/ghana/daywa-5-39/past-results/:ghana_local_date=2021-08-27
2021-08-30,15,25,26,31,37,external verified LotteryTexts Daywa 5/39 full history:https://lotterytexts.com/ghana/daywa-5-39/past-results/:ghana_local_date=2021-08-30
2021-08-31,10,20,23,27,39,external verified LotteryTexts Daywa 5/39 full history:https://lotterytexts.com/ghana/daywa-5-39/past-results/:ghana_local_date=2021-08-31
2021-09-01,15,16,19,22,32,external verified LotteryTexts Daywa 5/39 full history:https://lotterytexts.com/ghana/daywa-5-39/past-results/:ghana_local_date=2021-09-01
2021-09-02,1,2,9,22,37,external verified LotteryTexts Daywa 5/39 full history:https://lotterytexts.com/ghana/daywa-5-39/past-results/:ghana_local_date=2021-09-02
2021-09-03,5,12,16,21,35,external verified LotteryTexts Daywa 5/39 full history:https://lotterytexts.com/ghana/daywa-5-39/past-results/:ghana_local_date=2021-09-03
2021-09-04,5,8,29,33,37,external verified LotteryTexts Daywa 5/39 full history:https://lotterytexts.com/ghana/daywa-5-39/past-results/:ghana_local_date=2021-09-04
2021-09-06,3,23,25,27,29,external verified LotteryTexts Daywa 5/39 full history:https://lotterytexts.com/ghana/daywa-5-39/past-results/:ghana_local_date=2021-09-06
2021-09-07,10,12,20,23,31,external verified LotteryTexts Daywa 5/39 full history:https://lotterytexts.com/ghana/daywa-5-39/past-results/:ghana_local_date=2021-09-07
2021-09-08,3,7,14,26,38,external verified LotteryTexts Daywa 5/39 full history:https://lotterytexts.com/ghana/daywa-5-39/past-results/:ghana_local_date=2021-09-08
2021-09-09,3,10,15,27,37,external verified LotteryTexts Daywa 5/39 full history:https://lotterytexts.com/ghana/daywa-5-39/past-results/:ghana_local_date=2021-09-09
2021-09-10,7,11,22,26,34,external verified LotteryTexts Daywa 5/39 full history:https://lotterytexts.com/ghana/daywa-5-39/past-results/:ghana_local_date=2021-09-10
2021-09-11,9,13,21,30,31,external verified LotteryTexts Daywa 5/39 full history:https://lotterytexts.com/ghana/daywa-5-39/past-results/:ghana_local_date=2021-09-11
2021-09-13,12,17,23,28,38,external verified LotteryTexts Daywa 5/39 full history:https://lotterytexts.com/ghana/daywa-5-39/past-results/:ghana_local_date=2021-09-13
2021-09-14,13,18,24,32,34,external verified LotteryTexts Daywa 5/39 full history:https://lotterytexts.com/ghana/daywa-5-39/past-results/:ghana_local_date=2021-09-14
2021-09-15,6,7,8,16,27,external verified LotteryTexts Daywa 5/39 full history:https://lotterytexts.com/ghana/daywa-5-39/past-results/:ghana_local_date=2021-09-15
2021-09-16,8,13,21,31,37,external verified LotteryTexts Daywa 5/39 full history:https://lotterytexts.com/ghana/daywa-5-39/past-results/:ghana_local_date=2021-09-16
2021-09-17,1,7,27,29,38,external verified LotteryTexts Daywa 5/39 full history:https://lotterytexts.com/ghana/daywa-5-39/past-results/:ghana_local_date=2021-09-17
2021-09-18,8,14,17,31,33,external verified LotteryTexts Daywa 5/39 full history:https://lotterytexts.com/ghana/daywa-5-39/past-results/:ghana_local_date=2021-09-18
2021-09-20,9,18,22,25,36,external verified LotteryTexts Daywa 5/39 full history:https://lotterytexts.com/ghana/daywa-5-39/past-results/:ghana_local_date=2021-09-20
2021-09-22,2,17,19,33,38,external verified LotteryTexts Daywa 5/39 full history:https://lotterytexts.com/ghana/daywa-5-39/past-results/:ghana_local_date=2021-09-22
2021-09-23,1,16,20,25,27,external verified LotteryTexts Daywa 5/39 full history:https://lotterytexts.com/ghana/daywa-5-39/past-results/:ghana_local_date=2021-09-23
2021-09-24,9,13,18,22,36,external verified LotteryTexts Daywa 5/39 full history:https://lotterytexts.com/ghana/daywa-5-39/past-results/:ghana_local_date=2021-09-24
2021-09-25,2,10,23,30,39,external verified LotteryTexts Daywa 5/39 full history:https://lotterytexts.com/ghana/daywa-5-39/past-results/:ghana_local_date=2021-09-25
2021-09-27,6,26,34,36,37,external verified LotteryTexts Daywa 5/39 full history:https://lotterytexts.com/ghana/daywa-5-39/past-results/:ghana_local_date=2021-09-27
2021-09-28,7,11,16,21,39,external verified LotteryTexts Daywa 5/39 full history:https://lotterytexts.com/ghana/daywa-5-39/past-results/:ghana_local_date=2021-09-28
2021-09-29,25,26,34,36,38,external verified LotteryTexts Daywa 5/39 full history:https://lotterytexts.com/ghana/daywa-5-39/past-results/:ghana_local_date=2021-09-29
2021-09-30,2,19,25,30,37,external verified LotteryTexts Daywa 5/39 full history:https://lotterytexts.com/ghana/daywa-5-39/past-results/:ghana_local_date=2021-09-30
2021-10-01,14,20,25,30,37,external verified LotteryTexts Daywa 5/39 full history:https://lotterytexts.com/ghana/daywa-5-39/past-results/:ghana_local_date=2021-10-01
2021-10-02,1,4,10,29,32,external verified LotteryTexts Daywa 5/39 full history:https://lotterytexts.com/ghana/daywa-5-39/past-results/:ghana_local_date=2021-10-02
2021-10-04,10,11,25,36,39,external verified LotteryTexts Daywa 5/39 full history:https://lotterytexts.com/ghana/daywa-5-39/past-results/:ghana_local_date=2021-10-04
2021-10-05,4,7,21,27,34,external verified LotteryTexts Daywa 5/39 full history:https://lotterytexts.com/ghana/daywa-5-39/past-results/:ghana_local_date=2021-10-05
2021-10-06,10,19,26,37,38,external verified LotteryTexts Daywa 5/39 full history:https://lotterytexts.com/ghana/daywa-5-39/past-results/:ghana_local_date=2021-10-06
2021-10-07,1,4,7,9,39,external verified LotteryTexts Daywa 5/39 full history:https://lotterytexts.com/ghana/daywa-5-39/past-results/:ghana_local_date=2021-10-07
2021-10-08,7,16,17,32,33,external verified LotteryTexts Daywa 5/39 full history:https://lotterytexts.com/ghana/daywa-5-39/past-results/:ghana_local_date=2021-10-08
2021-10-09,9,16,23,24,37,external verified LotteryTexts Daywa 5/39 full history:https://lotterytexts.com/ghana/daywa-5-39/past-results/:ghana_local_date=2021-10-09
2021-10-11,4,7,8,18,34,external verified LotteryTexts Daywa 5/39 full history:https://lotterytexts.com/ghana/daywa-5-39/past-results/:ghana_local_date=2021-10-11
2021-10-12,4,18,25,27,39,external verified LotteryTexts Daywa 5/39 full history:https://lotterytexts.com/ghana/daywa-5-39/past-results/:ghana_local_date=2021-10-12
2021-10-13,5,6,8,20,29,external verified LotteryTexts Daywa 5/39 full history:https://lotterytexts.com/ghana/daywa-5-39/past-results/:ghana_local_date=2021-10-13
2021-10-14,1,3,15,16,17,external verified LotteryTexts Daywa 5/39 full history:https://lotterytexts.com/ghana/daywa-5-39/past-results/:ghana_local_date=2021-10-14
2021-10-15,1,8,19,32,35,external verified LotteryTexts Daywa 5/39 full history:https://lotterytexts.com/ghana/daywa-5-39/past-results/:ghana_local_date=2021-10-15
2021-10-16,5,6,9,14,25,external verified LotteryTexts Daywa 5/39 full history:https://lotterytexts.com/ghana/daywa-5-39/past-results/:ghana_local_date=2021-10-16
2021-10-18,3,21,22,28,32,external verified LotteryTexts Daywa 5/39 full history:https://lotterytexts.com/ghana/daywa-5-39/past-results/:ghana_local_date=2021-10-18
2021-10-19,4,14,25,38,39,external verified LotteryTexts Daywa 5/39 full history:https://lotterytexts.com/ghana/daywa-5-39/past-results/:ghana_local_date=2021-10-19
2021-10-20,2,4,28,32,35,external verified LotteryTexts Daywa 5/39 full history:https://lotterytexts.com/ghana/daywa-5-39/past-results/:ghana_local_date=2021-10-20
2021-10-21,13,16,32,37,39,external verified LotteryTexts Daywa 5/39 full history:https://lotterytexts.com/ghana/daywa-5-39/past-results/:ghana_local_date=2021-10-21
2021-10-22,5,8,13,16,33,external verified LotteryTexts Daywa 5/39 full history:https://lotterytexts.com/ghana/daywa-5-39/past-results/:ghana_local_date=2021-10-22
2021-10-23,7,9,11,19,27,external verified LotteryTexts Daywa 5/39 full history:https://lotterytexts.com/ghana/daywa-5-39/past-results/:ghana_local_date=2021-10-23
2021-10-25,4,8,20,22,33,external verified LotteryTexts Daywa 5/39 full history:https://lotterytexts.com/ghana/daywa-5-39/past-results/:ghana_local_date=2021-10-25
2021-10-26,15,19,21,35,38,external verified LotteryTexts Daywa 5/39 full history:https://lotterytexts.com/ghana/daywa-5-39/past-results/:ghana_local_date=2021-10-26
2021-10-27,4,8,12,30,39,external verified LotteryTexts Daywa 5/39 full history:https://lotterytexts.com/ghana/daywa-5-39/past-results/:ghana_local_date=2021-10-27
2021-11-02,13,19,21,25,28,external verified LotteryTexts Daywa 5/39 full history:https://lotterytexts.com/ghana/daywa-5-39/past-results/:ghana_local_date=2021-11-02
2021-11-04,3,6,18,24,39,external verified LotteryTexts Daywa 5/39 full history:https://lotterytexts.com/ghana/daywa-5-39/past-results/:ghana_local_date=2021-11-04
2021-11-11,10,14,15,30,31,external verified LotteryTexts Daywa 5/39 full history:https://lotterytexts.com/ghana/daywa-5-39/past-results/:ghana_local_date=2021-11-11
2021-11-13,9,10,20,30,34,external verified LotteryTexts Daywa 5/39 full history:https://lotterytexts.com/ghana/daywa-5-39/past-results/:ghana_local_date=2021-11-13
2021-11-15,1,5,33,35,37,external verified LotteryTexts Daywa 5/39 full history:https://lotterytexts.com/ghana/daywa-5-39/past-results/:ghana_local_date=2021-11-15
2021-11-16,15,20,22,31,35,external verified LotteryTexts Daywa 5/39 full history:https://lotterytexts.com/ghana/daywa-5-39/past-results/:ghana_local_date=2021-11-16
2021-11-17,2,11,17,24,26,external verified LotteryTexts Daywa 5/39 full history:https://lotterytexts.com/ghana/daywa-5-39/past-results/:ghana_local_date=2021-11-17
2021-11-18,4,5,18,22,35,external verified LotteryTexts Daywa 5/39 full history:https://lotterytexts.com/ghana/daywa-5-39/past-results/:ghana_local_date=2021-11-18
2021-11-19,1,7,18,34,37,external verified LotteryTexts Daywa 5/39 full history:https://lotterytexts.com/ghana/daywa-5-39/past-results/:ghana_local_date=2021-11-19
2021-11-20,4,15,30,35,39,external verified LotteryTexts Daywa 5/39 full history:https://lotterytexts.com/ghana/daywa-5-39/past-results/:ghana_local_date=2021-11-20
2021-11-22,3,22,23,28,33,external verified LotteryTexts Daywa 5/39 full history:https://lotterytexts.com/ghana/daywa-5-39/past-results/:ghana_local_date=2021-11-22
2021-11-23,1,12,16,25,37,external verified LotteryTexts Daywa 5/39 full history:https://lotterytexts.com/ghana/daywa-5-39/past-results/:ghana_local_date=2021-11-23
2021-11-24,7,11,29,31,35,external verified LotteryTexts Daywa 5/39 full history:https://lotterytexts.com/ghana/daywa-5-39/past-results/:ghana_local_date=2021-11-24
2021-11-25,3,9,10,17,32,external verified LotteryTexts Daywa 5/39 full history:https://lotterytexts.com/ghana/daywa-5-39/past-results/:ghana_local_date=2021-11-25
2021-11-26,1,12,27,32,36,external verified LotteryTexts Daywa 5/39 full history:https://lotterytexts.com/ghana/daywa-5-39/past-results/:ghana_local_date=2021-11-26
2021-11-27,6,10,14,25,32,external verified LotteryTexts Daywa 5/39 full history:https://lotterytexts.com/ghana/daywa-5-39/past-results/:ghana_local_date=2021-11-27
2021-11-29,18,30,31,32,35,external verified LotteryTexts Daywa 5/39 full history:https://lotterytexts.com/ghana/daywa-5-39/past-results/:ghana_local_date=2021-11-29
2021-11-30,5,17,22,29,37,external verified LotteryTexts Daywa 5/39 full history:https://lotterytexts.com/ghana/daywa-5-39/past-results/:ghana_local_date=2021-11-30
2021-12-01,4,5,21,22,23,external verified LotteryTexts Daywa 5/39 full history:https://lotterytexts.com/ghana/daywa-5-39/past-results/:ghana_local_date=2021-12-01
2021-12-02,2,3,19,27,37,external verified LotteryTexts Daywa 5/39 full history:https://lotterytexts.com/ghana/daywa-5-39/past-results/:ghana_local_date=2021-12-02
2021-12-04,8,18,27,36,39,external verified LotteryTexts Daywa 5/39 full history:https://lotterytexts.com/ghana/daywa-5-39/past-results/:ghana_local_date=2021-12-04
2021-12-06,3,4,5,12,27,external verified LotteryTexts Daywa 5/39 full history:https://lotterytexts.com/ghana/daywa-5-39/past-results/:ghana_local_date=2021-12-06
2021-12-07,10,11,29,31,35,external verified LotteryTexts Daywa 5/39 full history:https://lotterytexts.com/ghana/daywa-5-39/past-results/:ghana_local_date=2021-12-07
2021-12-08,6,7,17,23,25,external verified LotteryTexts Daywa 5/39 full history:https://lotterytexts.com/ghana/daywa-5-39/past-results/:ghana_local_date=2021-12-08
2021-12-09,2,8,11,22,28,external verified LotteryTexts Daywa 5/39 full history:https://lotterytexts.com/ghana/daywa-5-39/past-results/:ghana_local_date=2021-12-09
2021-12-10,10,21,22,32,34,external verified LotteryTexts Daywa 5/39 full history:https://lotterytexts.com/ghana/daywa-5-39/past-results/:ghana_local_date=2021-12-10
2021-12-11,8,19,21,22,23,external verified LotteryTexts Daywa 5/39 full history:https://lotterytexts.com/ghana/daywa-5-39/past-results/:ghana_local_date=2021-12-11
2021-12-13,7,15,17,20,32,external verified LotteryTexts Daywa 5/39 full history:https://lotterytexts.com/ghana/daywa-5-39/past-results/:ghana_local_date=2021-12-13
2021-12-14,2,11,17,22,35,external verified LotteryTexts Daywa 5/39 full history:https://lotterytexts.com/ghana/daywa-5-39/past-results/:ghana_local_date=2021-12-14
2021-12-15,8,9,17,24,39,external verified LotteryTexts Daywa 5/39 full history:https://lotterytexts.com/ghana/daywa-5-39/past-results/:ghana_local_date=2021-12-15
2021-12-16,13,23,25,26,27,external verified LotteryTexts Daywa 5/39 full history:https://lotterytexts.com/ghana/daywa-5-39/past-results/:ghana_local_date=2021-12-16
2021-12-17,9,18,20,29,38,external verified LotteryTexts Daywa 5/39 full history:https://lotterytexts.com/ghana/daywa-5-39/past-results/:ghana_local_date=2021-12-17
2021-12-18,2,9,10,17,36,external verified LotteryTexts Daywa 5/39 full history:https://lotterytexts.com/ghana/daywa-5-39/past-results/:ghana_local_date=2021-12-18
2021-12-20,4,8,15,24,35,external verified LotteryTexts Daywa 5/39 full history:https://lotterytexts.com/ghana/daywa-5-39/past-results/:ghana_local_date=2021-12-20
2021-12-21,20,31,35,37,39,external verified LotteryTexts Daywa 5/39 full history:https://lotterytexts.com/ghana/daywa-5-39/past-results/:ghana_local_date=2021-12-21
2021-12-22,6,10,23,27,29,external verified LotteryTexts Daywa 5/39 full history:https://lotterytexts.com/ghana/daywa-5-39/past-results/:ghana_local_date=2021-12-22
2021-12-23,2,9,30,31,32,external verified LotteryTexts Daywa 5/39 full history:https://lotterytexts.com/ghana/daywa-5-39/past-results/:ghana_local_date=2021-12-23
2021-12-24,13,20,24,26,35,external verified LotteryTexts Daywa 5/39 full history:https://lotterytexts.com/ghana/daywa-5-39/past-results/:ghana_local_date=2021-12-24
2021-12-29,9,17,19,28,37,external verified LotteryTexts Daywa 5/39 full history:https://lotterytexts.com/ghana/daywa-5-39/past-results/:ghana_local_date=2021-12-29
2021-12-30,2,15,16,27,33,external verified LotteryTexts Daywa 5/39 full history:https://lotterytexts.com/ghana/daywa-5-39/past-results/:ghana_local_date=2021-12-30
2021-12-31,3,23,36,38,39,external verified LotteryTexts Daywa 5/39 full history:https://lotterytexts.com/ghana/daywa-5-39/past-results/:ghana_local_date=2021-12-31
2022-01-04,2,7,25,30,34,external verified LotteryTexts Daywa 5/39 full history:https://lotterytexts.com/ghana/daywa-5-39/past-results/:ghana_local_date=2022-01-04
2022-01-05,4,8,18,19,21,external verified LotteryTexts Daywa 5/39 full history:https://lotterytexts.com/ghana/daywa-5-39/past-results/:ghana_local_date=2022-01-05
2022-01-06,1,14,15,19,25,external verified LotteryTexts Daywa 5/39 full history:https://lotterytexts.com/ghana/daywa-5-39/past-results/:ghana_local_date=2022-01-06
2022-01-08,2,18,19,20,35,external verified LotteryTexts Daywa 5/39 full history:https://lotterytexts.com/ghana/daywa-5-39/past-results/:ghana_local_date=2022-01-08
2022-01-10,4,7,16,25,33,external verified LotteryTexts Daywa 5/39 full history:https://lotterytexts.com/ghana/daywa-5-39/past-results/:ghana_local_date=2022-01-10
2022-01-11,2,11,12,18,19,external verified LotteryTexts Daywa 5/39 full history:https://lotterytexts.com/ghana/daywa-5-39/past-results/:ghana_local_date=2022-01-11
2022-01-12,7,8,27,31,32,external verified LotteryTexts Daywa 5/39 full history:https://lotterytexts.com/ghana/daywa-5-39/past-results/:ghana_local_date=2022-01-12
2022-01-13,4,24,27,36,39,external verified LotteryTexts Daywa 5/39 full history:https://lotterytexts.com/ghana/daywa-5-39/past-results/:ghana_local_date=2022-01-13
2022-01-14,3,4,8,9,14,external verified LotteryTexts Daywa 5/39 full history:https://lotterytexts.com/ghana/daywa-5-39/past-results/:ghana_local_date=2022-01-14
2022-01-15,20,31,35,38,39,external verified LotteryTexts Daywa 5/39 full history:https://lotterytexts.com/ghana/daywa-5-39/past-results/:ghana_local_date=2022-01-15
2022-01-17,8,13,14,17,27,external verified LotteryTexts Daywa 5/39 full history:https://lotterytexts.com/ghana/daywa-5-39/past-results/:ghana_local_date=2022-01-17
2022-01-18,2,5,8,13,24,external verified LotteryTexts Daywa 5/39 full history:https://lotterytexts.com/ghana/daywa-5-39/past-results/:ghana_local_date=2022-01-18
2022-01-19,23,28,32,34,38,external verified LotteryTexts Daywa 5/39 full history:https://lotterytexts.com/ghana/daywa-5-39/past-results/:ghana_local_date=2022-01-19
2022-01-20,8,15,23,25,26,external verified LotteryTexts Daywa 5/39 full history:https://lotterytexts.com/ghana/daywa-5-39/past-results/:ghana_local_date=2022-01-20
2022-01-21,2,20,30,37,39,external verified LotteryTexts Daywa 5/39 full history:https://lotterytexts.com/ghana/daywa-5-39/past-results/:ghana_local_date=2022-01-21
2022-01-22,15,21,25,30,39,external verified LotteryTexts Daywa 5/39 full history:https://lotterytexts.com/ghana/daywa-5-39/past-results/:ghana_local_date=2022-01-22
2022-01-24,4,24,29,34,38,external verified LotteryTexts Daywa 5/39 full history:https://lotterytexts.com/ghana/daywa-5-39/past-results/:ghana_local_date=2022-01-24
2022-01-25,5,6,9,32,36,external verified LotteryTexts Daywa 5/39 full history:https://lotterytexts.com/ghana/daywa-5-39/past-results/:ghana_local_date=2022-01-25
2022-01-26,4,14,27,29,35,external verified LotteryTexts Daywa 5/39 full history:https://lotterytexts.com/ghana/daywa-5-39/past-results/:ghana_local_date=2022-01-26
2022-01-27,5,9,31,36,39,external verified LotteryTexts Daywa 5/39 full history:https://lotterytexts.com/ghana/daywa-5-39/past-results/:ghana_local_date=2022-01-27
2022-01-28,1,4,5,8,34,external verified LotteryTexts Daywa 5/39 full history:https://lotterytexts.com/ghana/daywa-5-39/past-results/:ghana_local_date=2022-01-28
2022-01-29,9,15,21,29,33,external verified LotteryTexts Daywa 5/39 full history:https://lotterytexts.com/ghana/daywa-5-39/past-results/:ghana_local_date=2022-01-29
2022-01-31,6,9,16,27,34,external verified LotteryTexts Daywa 5/39 full history:https://lotterytexts.com/ghana/daywa-5-39/past-results/:ghana_local_date=2022-01-31
2022-02-01,9,13,24,37,38,external verified LotteryTexts Daywa 5/39 full history:https://lotterytexts.com/ghana/daywa-5-39/past-results/:ghana_local_date=2022-02-01
2022-02-02,22,25,30,33,38,external verified LotteryTexts Daywa 5/39 full history:https://lotterytexts.com/ghana/daywa-5-39/past-results/:ghana_local_date=2022-02-02
2022-02-03,4,22,25,36,39,external verified LotteryTexts Daywa 5/39 full history:https://lotterytexts.com/ghana/daywa-5-39/past-results/:ghana_local_date=2022-02-03
2022-02-04,4,5,15,16,20,external verified LotteryTexts Daywa 5/39 full history:https://lotterytexts.com/ghana/daywa-5-39/past-results/:ghana_local_date=2022-02-04
2022-02-05,4,8,12,15,28,external verified LotteryTexts Daywa 5/39 full history:https://lotterytexts.com/ghana/daywa-5-39/past-results/:ghana_local_date=2022-02-05
2022-02-07,2,32,34,37,38,external verified LotteryTexts Daywa 5/39 full history:https://lotterytexts.com/ghana/daywa-5-39/past-results/:ghana_local_date=2022-02-07
2022-02-08,6,8,11,15,27,external verified LotteryTexts Daywa 5/39 full history:https://lotterytexts.com/ghana/daywa-5-39/past-results/:ghana_local_date=2022-02-08
2022-02-09,1,6,10,24,37,external verified LotteryTexts Daywa 5/39 full history:https://lotterytexts.com/ghana/daywa-5-39/past-results/:ghana_local_date=2022-02-09
2022-02-10,4,8,25,34,36,external verified LotteryTexts Daywa 5/39 full history:https://lotterytexts.com/ghana/daywa-5-39/past-results/:ghana_local_date=2022-02-10
2022-02-12,5,6,15,19,37,external verified LotteryTexts Daywa 5/39 full history:https://lotterytexts.com/ghana/daywa-5-39/past-results/:ghana_local_date=2022-02-12
2022-02-14,3,4,6,10,21,external verified LotteryTexts Daywa 5/39 full history:https://lotterytexts.com/ghana/daywa-5-39/past-results/:ghana_local_date=2022-02-14
2022-02-15,16,25,26,30,36,external verified LotteryTexts Daywa 5/39 full history:https://lotterytexts.com/ghana/daywa-5-39/past-results/:ghana_local_date=2022-02-15
2022-02-16,10,13,14,18,34,external verified LotteryTexts Daywa 5/39 full history:https://lotterytexts.com/ghana/daywa-5-39/past-results/:ghana_local_date=2022-02-16
2022-02-17,18,22,29,30,39,external verified LotteryTexts Daywa 5/39 full history:https://lotterytexts.com/ghana/daywa-5-39/past-results/:ghana_local_date=2022-02-17
2022-02-18,15,16,17,30,32,external verified LotteryTexts Daywa 5/39 full history:https://lotterytexts.com/ghana/daywa-5-39/past-results/:ghana_local_date=2022-02-18
2022-02-19,2,15,16,25,31,external verified LotteryTexts Daywa 5/39 full history:https://lotterytexts.com/ghana/daywa-5-39/past-results/:ghana_local_date=2022-02-19
2022-02-21,4,8,12,20,25,external verified LotteryTexts Daywa 5/39 full history:https://lotterytexts.com/ghana/daywa-5-39/past-results/:ghana_local_date=2022-02-21
2022-02-22,7,10,11,29,37,external verified LotteryTexts Daywa 5/39 full history:https://lotterytexts.com/ghana/daywa-5-39/past-results/:ghana_local_date=2022-02-22
2022-02-23,5,8,10,19,31,external verified LotteryTexts Daywa 5/39 full history:https://lotterytexts.com/ghana/daywa-5-39/past-results/:ghana_local_date=2022-02-23
2022-02-24,1,17,20,21,32,external verified LotteryTexts Daywa 5/39 full history:https://lotterytexts.com/ghana/daywa-5-39/past-results/:ghana_local_date=2022-02-24
2022-02-25,1,28,31,34,36,external verified LotteryTexts Daywa 5/39 full history:https://lotterytexts.com/ghana/daywa-5-39/past-results/:ghana_local_date=2022-02-25
2022-02-26,4,20,35,37,38,external verified LotteryTexts Daywa 5/39 full history:https://lotterytexts.com/ghana/daywa-5-39/past-results/:ghana_local_date=2022-02-26
2022-02-28,6,8,18,36,38,external verified LotteryTexts Daywa 5/39 full history:https://lotterytexts.com/ghana/daywa-5-39/past-results/:ghana_local_date=2022-02-28
2022-03-01,7,17,19,28,35,external verified LotteryTexts Daywa 5/39 full history:https://lotterytexts.com/ghana/daywa-5-39/past-results/:ghana_local_date=2022-03-01
2022-03-02,7,10,16,18,25,external verified LotteryTexts Daywa 5/39 full history:https://lotterytexts.com/ghana/daywa-5-39/past-results/:ghana_local_date=2022-03-02
2022-03-03,1,14,27,31,37,external verified LotteryTexts Daywa 5/39 full history:https://lotterytexts.com/ghana/daywa-5-39/past-results/:ghana_local_date=2022-03-03
2022-03-04,23,26,32,34,37,external verified LotteryTexts Daywa 5/39 full history:https://lotterytexts.com/ghana/daywa-5-39/past-results/:ghana_local_date=2022-03-04
2022-03-05,2,3,4,12,33,external verified LotteryTexts Daywa 5/39 full history:https://lotterytexts.com/ghana/daywa-5-39/past-results/:ghana_local_date=2022-03-05
2022-03-08,6,21,24,25,38,external verified LotteryTexts Daywa 5/39 full history:https://lotterytexts.com/ghana/daywa-5-39/past-results/:ghana_local_date=2022-03-08
2022-03-09,1,9,12,30,36,external verified LotteryTexts Daywa 5/39 full history:https://lotterytexts.com/ghana/daywa-5-39/past-results/:ghana_local_date=2022-03-09
2022-03-10,7,10,11,14,38,external verified LotteryTexts Daywa 5/39 full history:https://lotterytexts.com/ghana/daywa-5-39/past-results/:ghana_local_date=2022-03-10
2022-03-11,3,5,26,35,37,external verified LotteryTexts Daywa 5/39 full history:https://lotterytexts.com/ghana/daywa-5-39/past-results/:ghana_local_date=2022-03-11
2022-03-12,1,4,12,28,30,external verified LotteryTexts Daywa 5/39 full history:https://lotterytexts.com/ghana/daywa-5-39/past-results/:ghana_local_date=2022-03-12
2022-03-14,3,9,13,20,36,external verified LotteryTexts Daywa 5/39 full history:https://lotterytexts.com/ghana/daywa-5-39/past-results/:ghana_local_date=2022-03-14
2022-03-15,3,17,21,22,35,external verified LotteryTexts Daywa 5/39 full history:https://lotterytexts.com/ghana/daywa-5-39/past-results/:ghana_local_date=2022-03-15
2022-03-16,2,10,19,24,37,external verified LotteryTexts Daywa 5/39 full history:https://lotterytexts.com/ghana/daywa-5-39/past-results/:ghana_local_date=2022-03-16
2022-03-17,9,15,23,32,33,external verified LotteryTexts Daywa 5/39 full history:https://lotterytexts.com/ghana/daywa-5-39/past-results/:ghana_local_date=2022-03-17
2022-03-18,6,9,16,24,32,external verified LotteryTexts Daywa 5/39 full history:https://lotterytexts.com/ghana/daywa-5-39/past-results/:ghana_local_date=2022-03-18
2022-03-19,5,14,26,27,36,external verified LotteryTexts Daywa 5/39 full history:https://lotterytexts.com/ghana/daywa-5-39/past-results/:ghana_local_date=2022-03-19
2022-03-21,20,22,23,27,39,external verified LotteryTexts Daywa 5/39 full history:https://lotterytexts.com/ghana/daywa-5-39/past-results/:ghana_local_date=2022-03-21
2022-03-22,8,15,19,23,34,external verified LotteryTexts Daywa 5/39 full history:https://lotterytexts.com/ghana/daywa-5-39/past-results/:ghana_local_date=2022-03-22
2022-03-23,1,3,7,8,24,external verified LotteryTexts Daywa 5/39 full history:https://lotterytexts.com/ghana/daywa-5-39/past-results/:ghana_local_date=2022-03-23
2022-03-24,6,14,17,24,33,external verified LotteryTexts Daywa 5/39 full history:https://lotterytexts.com/ghana/daywa-5-39/past-results/:ghana_local_date=2022-03-24
2022-03-25,1,15,17,29,30,external verified LotteryTexts Daywa 5/39 full history:https://lotterytexts.com/ghana/daywa-5-39/past-results/:ghana_local_date=2022-03-25
2022-03-28,14,15,19,37,39,external verified LotteryTexts Daywa 5/39 full history:https://lotterytexts.com/ghana/daywa-5-39/past-results/:ghana_local_date=2022-03-28
2022-03-29,2,12,24,35,37,external verified LotteryTexts Daywa 5/39 full history:https://lotterytexts.com/ghana/daywa-5-39/past-results/:ghana_local_date=2022-03-29
2022-03-30,1,5,21,23,38,external verified LotteryTexts Daywa 5/39 full history:https://lotterytexts.com/ghana/daywa-5-39/past-results/:ghana_local_date=2022-03-30
2022-03-31,3,6,10,29,33,external verified LotteryTexts Daywa 5/39 full history:https://lotterytexts.com/ghana/daywa-5-39/past-results/:ghana_local_date=2022-03-31
2022-04-01,8,11,16,21,36,external verified LotteryTexts Daywa 5/39 full history:https://lotterytexts.com/ghana/daywa-5-39/past-results/:ghana_local_date=2022-04-01
2022-04-02,2,6,25,26,31,external verified LotteryTexts Daywa 5/39 full history:https://lotterytexts.com/ghana/daywa-5-39/past-results/:ghana_local_date=2022-04-02
2022-04-04,4,13,14,16,36,external verified LotteryTexts Daywa 5/39 full history:https://lotterytexts.com/ghana/daywa-5-39/past-results/:ghana_local_date=2022-04-04
2022-04-05,12,20,22,25,31,external verified LotteryTexts Daywa 5/39 full history:https://lotterytexts.com/ghana/daywa-5-39/past-results/:ghana_local_date=2022-04-05
2022-04-06,3,6,16,37,39,external verified LotteryTexts Daywa 5/39 full history:https://lotterytexts.com/ghana/daywa-5-39/past-results/:ghana_local_date=2022-04-06
2022-04-07,2,12,26,27,33,external verified LotteryTexts Daywa 5/39 full history:https://lotterytexts.com/ghana/daywa-5-39/past-results/:ghana_local_date=2022-04-07
2022-04-08,16,22,23,29,37,external verified LotteryTexts Daywa 5/39 full history:https://lotterytexts.com/ghana/daywa-5-39/past-results/:ghana_local_date=2022-04-08
2022-04-09,1,18,25,30,31,external verified LotteryTexts Daywa 5/39 full history:https://lotterytexts.com/ghana/daywa-5-39/past-results/:ghana_local_date=2022-04-09
2022-04-11,7,13,19,23,32,external verified LotteryTexts Daywa 5/39 full history:https://lotterytexts.com/ghana/daywa-5-39/past-results/:ghana_local_date=2022-04-11
2022-04-12,5,6,10,12,24,external verified LotteryTexts Daywa 5/39 full history:https://lotterytexts.com/ghana/daywa-5-39/past-results/:ghana_local_date=2022-04-12
2022-04-13,6,16,27,31,37,external verified LotteryTexts Daywa 5/39 full history:https://lotterytexts.com/ghana/daywa-5-39/past-results/:ghana_local_date=2022-04-13
2022-04-14,3,10,11,17,35,external verified LotteryTexts Daywa 5/39 full history:https://lotterytexts.com/ghana/daywa-5-39/past-results/:ghana_local_date=2022-04-14
2022-04-19,5,8,11,21,35,external verified LotteryTexts Daywa 5/39 full history:https://lotterytexts.com/ghana/daywa-5-39/past-results/:ghana_local_date=2022-04-19
2022-04-20,3,8,9,29,36,external verified LotteryTexts Daywa 5/39 full history:https://lotterytexts.com/ghana/daywa-5-39/past-results/:ghana_local_date=2022-04-20
2022-04-21,1,8,20,28,36,external verified LotteryTexts Daywa 5/39 full history:https://lotterytexts.com/ghana/daywa-5-39/past-results/:ghana_local_date=2022-04-21
2022-04-22,1,21,25,27,35,external verified LotteryTexts Daywa 5/39 full history:https://lotterytexts.com/ghana/daywa-5-39/past-results/:ghana_local_date=2022-04-22
2022-04-23,5,6,20,30,37,external verified LotteryTexts Daywa 5/39 full history:https://lotterytexts.com/ghana/daywa-5-39/past-results/:ghana_local_date=2022-04-23
2022-04-25,11,15,19,21,33,external verified LotteryTexts Daywa 5/39 full history:https://lotterytexts.com/ghana/daywa-5-39/past-results/:ghana_local_date=2022-04-25
2022-04-26,6,19,24,31,37,external verified LotteryTexts Daywa 5/39 full history:https://lotterytexts.com/ghana/daywa-5-39/past-results/:ghana_local_date=2022-04-26
2022-04-27,1,9,18,25,31,external verified LotteryTexts Daywa 5/39 full history:https://lotterytexts.com/ghana/daywa-5-39/past-results/:ghana_local_date=2022-04-27
2022-04-28,13,14,15,31,33,external verified LotteryTexts Daywa 5/39 full history:https://lotterytexts.com/ghana/daywa-5-39/past-results/:ghana_local_date=2022-04-28
2022-04-29,20,27,34,36,38,external verified LotteryTexts Daywa 5/39 full history:https://lotterytexts.com/ghana/daywa-5-39/past-results/:ghana_local_date=2022-04-29
2022-05-04,2,6,12,15,28,external verified LotteryTexts Daywa 5/39 full history:https://lotterytexts.com/ghana/daywa-5-39/past-results/:ghana_local_date=2022-05-04
2022-05-05,15,22,23,32,36,external verified LotteryTexts Daywa 5/39 full history:https://lotterytexts.com/ghana/daywa-5-39/past-results/:ghana_local_date=2022-05-05
2022-05-06,6,10,12,13,22,external verified LotteryTexts Daywa 5/39 full history:https://lotterytexts.com/ghana/daywa-5-39/past-results/:ghana_local_date=2022-05-06
2022-05-07,7,15,18,20,30,external verified LotteryTexts Daywa 5/39 full history:https://lotterytexts.com/ghana/daywa-5-39/past-results/:ghana_local_date=2022-05-07
2022-05-09,13,26,27,28,30,external verified LotteryTexts Daywa 5/39 full history:https://lotterytexts.com/ghana/daywa-5-39/past-results/:ghana_local_date=2022-05-09
2022-05-10,2,5,22,36,37,external verified LotteryTexts Daywa 5/39 full history:https://lotterytexts.com/ghana/daywa-5-39/past-results/:ghana_local_date=2022-05-10
2022-05-11,3,7,10,20,25,external verified LotteryTexts Daywa 5/39 full history:https://lotterytexts.com/ghana/daywa-5-39/past-results/:ghana_local_date=2022-05-11
2022-05-12,8,20,22,24,31,external verified LotteryTexts Daywa 5/39 full history:https://lotterytexts.com/ghana/daywa-5-39/past-results/:ghana_local_date=2022-05-12
2022-05-13,9,11,12,36,38,external verified LotteryTexts Daywa 5/39 full history:https://lotterytexts.com/ghana/daywa-5-39/past-results/:ghana_local_date=2022-05-13
2022-05-14,11,14,23,30,32,external verified LotteryTexts Daywa 5/39 full history:https://lotterytexts.com/ghana/daywa-5-39/past-results/:ghana_local_date=2022-05-14
2022-05-16,3,4,17,31,33,external verified LotteryTexts Daywa 5/39 full history:https://lotterytexts.com/ghana/daywa-5-39/past-results/:ghana_local_date=2022-05-16
2022-05-17,5,10,13,24,31,external verified LotteryTexts Daywa 5/39 full history:https://lotterytexts.com/ghana/daywa-5-39/past-results/:ghana_local_date=2022-05-17
2022-05-18,14,15,20,26,35,external verified LotteryTexts Daywa 5/39 full history:https://lotterytexts.com/ghana/daywa-5-39/past-results/:ghana_local_date=2022-05-18
2022-05-19,4,14,20,21,29,external verified LotteryTexts Daywa 5/39 full history:https://lotterytexts.com/ghana/daywa-5-39/past-results/:ghana_local_date=2022-05-19
2022-05-20,8,14,17,21,32,external verified LotteryTexts Daywa 5/39 full history:https://lotterytexts.com/ghana/daywa-5-39/past-results/:ghana_local_date=2022-05-20
2022-05-21,3,11,13,15,22,external verified LotteryTexts Daywa 5/39 full history:https://lotterytexts.com/ghana/daywa-5-39/past-results/:ghana_local_date=2022-05-21
2022-05-23,3,9,14,21,25,external verified LotteryTexts Daywa 5/39 full history:https://lotterytexts.com/ghana/daywa-5-39/past-results/:ghana_local_date=2022-05-23
2022-05-24,11,12,13,21,39,external verified LotteryTexts Daywa 5/39 full history:https://lotterytexts.com/ghana/daywa-5-39/past-results/:ghana_local_date=2022-05-24
2022-05-25,2,8,18,21,29,external verified LotteryTexts Daywa 5/39 full history:https://lotterytexts.com/ghana/daywa-5-39/past-results/:ghana_local_date=2022-05-25
2022-05-26,2,12,19,20,35,external verified LotteryTexts Daywa 5/39 full history:https://lotterytexts.com/ghana/daywa-5-39/past-results/:ghana_local_date=2022-05-26
2022-05-27,23,25,26,34,39,external verified LotteryTexts Daywa 5/39 full history:https://lotterytexts.com/ghana/daywa-5-39/past-results/:ghana_local_date=2022-05-27
2022-05-28,5,8,10,27,35,external verified LotteryTexts Daywa 5/39 full history:https://lotterytexts.com/ghana/daywa-5-39/past-results/:ghana_local_date=2022-05-28
2022-05-30,1,4,6,23,31,external verified LotteryTexts Daywa 5/39 full history:https://lotterytexts.com/ghana/daywa-5-39/past-results/:ghana_local_date=2022-05-30
2022-06-01,5,9,15,24,35,external verified LotteryTexts Daywa 5/39 full history:https://lotterytexts.com/ghana/daywa-5-39/past-results/:ghana_local_date=2022-06-01
2022-06-02,8,14,20,21,29,external verified LotteryTexts Daywa 5/39 full history:https://lotterytexts.com/ghana/daywa-5-39/past-results/:ghana_local_date=2022-06-02
2022-06-03,17,20,26,32,38,external verified LotteryTexts Daywa 5/39 full history:https://lotterytexts.com/ghana/daywa-5-39/past-results/:ghana_local_date=2022-06-03
2022-06-04,10,11,13,18,32,external verified LotteryTexts Daywa 5/39 full history:https://lotterytexts.com/ghana/daywa-5-39/past-results/:ghana_local_date=2022-06-04
2022-06-06,9,21,28,35,36,external verified LotteryTexts Daywa 5/39 full history:https://lotterytexts.com/ghana/daywa-5-39/past-results/:ghana_local_date=2022-06-06
2022-06-08,16,17,21,29,32,external verified LotteryTexts Daywa 5/39 full history:https://lotterytexts.com/ghana/daywa-5-39/past-results/:ghana_local_date=2022-06-08
2022-06-09,1,5,21,25,34,external verified LotteryTexts Daywa 5/39 full history:https://lotterytexts.com/ghana/daywa-5-39/past-results/:ghana_local_date=2022-06-09
2022-06-10,4,7,19,22,27,external verified LotteryTexts Daywa 5/39 full history:https://lotterytexts.com/ghana/daywa-5-39/past-results/:ghana_local_date=2022-06-10
2022-06-11,2,22,27,33,36,external verified LotteryTexts Daywa 5/39 full history:https://lotterytexts.com/ghana/daywa-5-39/past-results/:ghana_local_date=2022-06-11
2022-06-13,1,5,10,30,34,external verified LotteryTexts Daywa 5/39 full history:https://lotterytexts.com/ghana/daywa-5-39/past-results/:ghana_local_date=2022-06-13
2022-06-14,5,10,27,28,39,external verified LotteryTexts Daywa 5/39 full history:https://lotterytexts.com/ghana/daywa-5-39/past-results/:ghana_local_date=2022-06-14
2022-06-15,2,11,17,18,21,external verified LotteryTexts Daywa 5/39 full history:https://lotterytexts.com/ghana/daywa-5-39/past-results/:ghana_local_date=2022-06-15
2022-06-16,6,9,24,27,38,external verified LotteryTexts Daywa 5/39 full history:https://lotterytexts.com/ghana/daywa-5-39/past-results/:ghana_local_date=2022-06-16
2022-06-17,3,18,24,25,36,external verified LotteryTexts Daywa 5/39 full history:https://lotterytexts.com/ghana/daywa-5-39/past-results/:ghana_local_date=2022-06-17
2022-06-18,7,13,18,26,31,external verified LotteryTexts Daywa 5/39 full history:https://lotterytexts.com/ghana/daywa-5-39/past-results/:ghana_local_date=2022-06-18
2022-06-20,10,11,15,21,37,external verified LotteryTexts Daywa 5/39 full history:https://lotterytexts.com/ghana/daywa-5-39/past-results/:ghana_local_date=2022-06-20
2022-06-21,4,5,12,17,27,external verified LotteryTexts Daywa 5/39 full history:https://lotterytexts.com/ghana/daywa-5-39/past-results/:ghana_local_date=2022-06-21
2022-06-22,4,7,14,19,33,external verified LotteryTexts Daywa 5/39 full history:https://lotterytexts.com/ghana/daywa-5-39/past-results/:ghana_local_date=2022-06-22
2022-06-23,4,15,16,21,34,external verified LotteryTexts Daywa 5/39 full history:https://lotterytexts.com/ghana/daywa-5-39/past-results/:ghana_local_date=2022-06-23
2022-06-24,8,20,23,24,25,external verified LotteryTexts Daywa 5/39 full history:https://lotterytexts.com/ghana/daywa-5-39/past-results/:ghana_local_date=2022-06-24
2022-06-25,4,19,20,30,36,external verified LotteryTexts Daywa 5/39 full history:https://lotterytexts.com/ghana/daywa-5-39/past-results/:ghana_local_date=2022-06-25
2022-06-27,5,17,20,26,38,external verified LotteryTexts Daywa 5/39 full history:https://lotterytexts.com/ghana/daywa-5-39/past-results/:ghana_local_date=2022-06-27
2022-06-28,8,14,23,33,34,external verified LotteryTexts Daywa 5/39 full history:https://lotterytexts.com/ghana/daywa-5-39/past-results/:ghana_local_date=2022-06-28
2022-06-29,22,28,29,30,38,external verified LotteryTexts Daywa 5/39 full history:https://lotterytexts.com/ghana/daywa-5-39/past-results/:ghana_local_date=2022-06-29
2022-06-30,1,12,30,33,37,external verified LotteryTexts Daywa 5/39 full history:https://lotterytexts.com/ghana/daywa-5-39/past-results/:ghana_local_date=2022-06-30
2022-07-01,15,17,19,33,34,external verified LotteryTexts Daywa 5/39 full history:https://lotterytexts.com/ghana/daywa-5-39/past-results/:ghana_local_date=2022-07-01
2022-07-02,5,25,28,31,38,external verified LotteryTexts Daywa 5/39 full history:https://lotterytexts.com/ghana/daywa-5-39/past-results/:ghana_local_date=2022-07-02
2022-07-04,14,15,22,29,33,external verified LotteryTexts Daywa 5/39 full history:https://lotterytexts.com/ghana/daywa-5-39/past-results/:ghana_local_date=2022-07-04
2022-07-05,2,3,8,21,26,external verified LotteryTexts Daywa 5/39 full history:https://lotterytexts.com/ghana/daywa-5-39/past-results/:ghana_local_date=2022-07-05
2022-07-06,1,5,14,17,21,external verified LotteryTexts Daywa 5/39 full history:https://lotterytexts.com/ghana/daywa-5-39/past-results/:ghana_local_date=2022-07-06
2022-07-07,5,11,16,36,37,external verified LotteryTexts Daywa 5/39 full history:https://lotterytexts.com/ghana/daywa-5-39/past-results/:ghana_local_date=2022-07-07
2022-07-08,9,19,24,27,36,external verified LotteryTexts Daywa 5/39 full history:https://lotterytexts.com/ghana/daywa-5-39/past-results/:ghana_local_date=2022-07-08
2022-07-09,6,16,18,29,37,external verified LotteryTexts Daywa 5/39 full history:https://lotterytexts.com/ghana/daywa-5-39/past-results/:ghana_local_date=2022-07-09
2022-07-12,8,20,21,25,26,external verified LotteryTexts Daywa 5/39 full history:https://lotterytexts.com/ghana/daywa-5-39/past-results/:ghana_local_date=2022-07-12
2022-07-13,1,3,18,33,39,external verified LotteryTexts Daywa 5/39 full history:https://lotterytexts.com/ghana/daywa-5-39/past-results/:ghana_local_date=2022-07-13
2022-07-14,7,15,29,31,38,external verified LotteryTexts Daywa 5/39 full history:https://lotterytexts.com/ghana/daywa-5-39/past-results/:ghana_local_date=2022-07-14
2022-07-15,8,9,13,19,26,external verified LotteryTexts Daywa 5/39 full history:https://lotterytexts.com/ghana/daywa-5-39/past-results/:ghana_local_date=2022-07-15
2022-07-16,7,24,29,31,39,external verified LotteryTexts Daywa 5/39 full history:https://lotterytexts.com/ghana/daywa-5-39/past-results/:ghana_local_date=2022-07-16
2022-07-18,1,5,24,26,28,external verified LotteryTexts Daywa 5/39 full history:https://lotterytexts.com/ghana/daywa-5-39/past-results/:ghana_local_date=2022-07-18
2022-07-19,5,6,7,22,29,external verified LotteryTexts Daywa 5/39 full history:https://lotterytexts.com/ghana/daywa-5-39/past-results/:ghana_local_date=2022-07-19
2022-07-20,1,3,12,25,36,external verified LotteryTexts Daywa 5/39 full history:https://lotterytexts.com/ghana/daywa-5-39/past-results/:ghana_local_date=2022-07-20
2022-07-21,3,11,28,31,37,external verified LotteryTexts Daywa 5/39 full history:https://lotterytexts.com/ghana/daywa-5-39/past-results/:ghana_local_date=2022-07-21
2022-07-22,17,23,28,34,38,external verified LotteryTexts Daywa 5/39 full history:https://lotterytexts.com/ghana/daywa-5-39/past-results/:ghana_local_date=2022-07-22
2022-07-23,6,13,16,35,36,external verified LotteryTexts Daywa 5/39 full history:https://lotterytexts.com/ghana/daywa-5-39/past-results/:ghana_local_date=2022-07-23
2022-07-25,15,25,27,29,30,external verified LotteryTexts Daywa 5/39 full history:https://lotterytexts.com/ghana/daywa-5-39/past-results/:ghana_local_date=2022-07-25
2022-07-26,6,10,26,33,34,external verified LotteryTexts Daywa 5/39 full history:https://lotterytexts.com/ghana/daywa-5-39/past-results/:ghana_local_date=2022-07-26
2022-07-27,2,8,9,27,31,external verified LotteryTexts Daywa 5/39 full history:https://lotterytexts.com/ghana/daywa-5-39/past-results/:ghana_local_date=2022-07-27
2022-07-28,15,23,26,30,35,external verified LotteryTexts Daywa 5/39 full history:https://lotterytexts.com/ghana/daywa-5-39/past-results/:ghana_local_date=2022-07-28
2022-07-29,13,17,22,23,29,external verified LotteryTexts Daywa 5/39 full history:https://lotterytexts.com/ghana/daywa-5-39/past-results/:ghana_local_date=2022-07-29
2022-07-30,16,18,23,29,39,external verified LotteryTexts Daywa 5/39 full history:https://lotterytexts.com/ghana/daywa-5-39/past-results/:ghana_local_date=2022-07-30
2022-08-01,3,12,15,33,36,external verified LotteryTexts Daywa 5/39 full history:https://lotterytexts.com/ghana/daywa-5-39/past-results/:ghana_local_date=2022-08-01
2022-08-02,15,18,26,28,32,external verified LotteryTexts Daywa 5/39 full history:https://lotterytexts.com/ghana/daywa-5-39/past-results/:ghana_local_date=2022-08-02
2022-08-03,17,25,26,27,33,external verified LotteryTexts Daywa 5/39 full history:https://lotterytexts.com/ghana/daywa-5-39/past-results/:ghana_local_date=2022-08-03
2022-08-05,7,10,11,21,28,external verified LotteryTexts Daywa 5/39 full history:https://lotterytexts.com/ghana/daywa-5-39/past-results/:ghana_local_date=2022-08-05
2022-08-06,6,7,28,34,39,external verified LotteryTexts Daywa 5/39 full history:https://lotterytexts.com/ghana/daywa-5-39/past-results/:ghana_local_date=2022-08-06
2022-08-08,3,14,16,27,33,external verified LotteryTexts Daywa 5/39 full history:https://lotterytexts.com/ghana/daywa-5-39/past-results/:ghana_local_date=2022-08-08
2022-08-09,8,22,25,28,37,external verified LotteryTexts Daywa 5/39 full history:https://lotterytexts.com/ghana/daywa-5-39/past-results/:ghana_local_date=2022-08-09
2022-08-10,4,5,7,9,37,external verified LotteryTexts Daywa 5/39 full history:https://lotterytexts.com/ghana/daywa-5-39/past-results/:ghana_local_date=2022-08-10
2022-08-11,1,6,14,23,33,external verified LotteryTexts Daywa 5/39 full history:https://lotterytexts.com/ghana/daywa-5-39/past-results/:ghana_local_date=2022-08-11
2022-08-12,1,3,10,11,21,external verified LotteryTexts Daywa 5/39 full history:https://lotterytexts.com/ghana/daywa-5-39/past-results/:ghana_local_date=2022-08-12
2022-08-13,1,4,13,29,33,external verified LotteryTexts Daywa 5/39 full history:https://lotterytexts.com/ghana/daywa-5-39/past-results/:ghana_local_date=2022-08-13
2022-08-15,10,20,22,25,34,external verified LotteryTexts Daywa 5/39 full history:https://lotterytexts.com/ghana/daywa-5-39/past-results/:ghana_local_date=2022-08-15
2022-08-16,3,9,16,20,26,external verified LotteryTexts Daywa 5/39 full history:https://lotterytexts.com/ghana/daywa-5-39/past-results/:ghana_local_date=2022-08-16
2022-08-17,4,22,23,25,33,external verified LotteryTexts Daywa 5/39 full history:https://lotterytexts.com/ghana/daywa-5-39/past-results/:ghana_local_date=2022-08-17
2022-08-18,2,3,7,13,19,external verified LotteryTexts Daywa 5/39 full history:https://lotterytexts.com/ghana/daywa-5-39/past-results/:ghana_local_date=2022-08-18
2022-08-19,2,5,10,18,39,external verified LotteryTexts Daywa 5/39 full history:https://lotterytexts.com/ghana/daywa-5-39/past-results/:ghana_local_date=2022-08-19
2022-08-20,4,8,10,14,39,external verified LotteryTexts Daywa 5/39 full history:https://lotterytexts.com/ghana/daywa-5-39/past-results/:ghana_local_date=2022-08-20
2022-08-22,3,6,16,20,35,external verified LotteryTexts Daywa 5/39 full history:https://lotterytexts.com/ghana/daywa-5-39/past-results/:ghana_local_date=2022-08-22
2022-08-23,15,25,26,29,30,external verified LotteryTexts Daywa 5/39 full history:https://lotterytexts.com/ghana/daywa-5-39/past-results/:ghana_local_date=2022-08-23
2022-08-24,3,18,23,32,33,external verified LotteryTexts Daywa 5/39 full history:https://lotterytexts.com/ghana/daywa-5-39/past-results/:ghana_local_date=2022-08-24
2022-08-25,8,12,21,30,31,external verified LotteryTexts Daywa 5/39 full history:https://lotterytexts.com/ghana/daywa-5-39/past-results/:ghana_local_date=2022-08-25
2022-08-26,7,16,17,18,37,external verified LotteryTexts Daywa 5/39 full history:https://lotterytexts.com/ghana/daywa-5-39/past-results/:ghana_local_date=2022-08-26
2022-08-27,2,15,18,33,38,external verified LotteryTexts Daywa 5/39 full history:https://lotterytexts.com/ghana/daywa-5-39/past-results/:ghana_local_date=2022-08-27
2022-08-31,5,22,27,32,37,external verified LotteryTexts Daywa 5/39 full history:https://lotterytexts.com/ghana/daywa-5-39/past-results/:ghana_local_date=2022-08-31
2022-09-01,5,9,11,15,22,external verified LotteryTexts Daywa 5/39 full history:https://lotterytexts.com/ghana/daywa-5-39/past-results/:ghana_local_date=2022-09-01
2022-09-02,15,29,30,32,39,external verified LotteryTexts Daywa 5/39 full history:https://lotterytexts.com/ghana/daywa-5-39/past-results/:ghana_local_date=2022-09-02
2022-09-03,1,9,21,33,34,external verified LotteryTexts Daywa 5/39 full history:https://lotterytexts.com/ghana/daywa-5-39/past-results/:ghana_local_date=2022-09-03
2022-09-05,1,11,21,32,33,external verified LotteryTexts Daywa 5/39 full history:https://lotterytexts.com/ghana/daywa-5-39/past-results/:ghana_local_date=2022-09-05
2022-09-08,12,13,16,18,38,external verified LotteryTexts Daywa 5/39 full history:https://lotterytexts.com/ghana/daywa-5-39/past-results/:ghana_local_date=2022-09-08
2022-09-09,6,11,25,27,35,external verified LotteryTexts Daywa 5/39 full history:https://lotterytexts.com/ghana/daywa-5-39/past-results/:ghana_local_date=2022-09-09
2022-09-13,2,8,9,12,17,external verified LotteryTexts Daywa 5/39 full history:https://lotterytexts.com/ghana/daywa-5-39/past-results/:ghana_local_date=2022-09-13
2022-09-14,8,13,14,21,25,external verified LotteryTexts Daywa 5/39 full history:https://lotterytexts.com/ghana/daywa-5-39/past-results/:ghana_local_date=2022-09-14
2022-09-16,8,20,21,29,30,external verified LotteryTexts Daywa 5/39 full history:https://lotterytexts.com/ghana/daywa-5-39/past-results/:ghana_local_date=2022-09-16
2022-10-03,4,7,9,15,35,external verified LotteryTexts Daywa 5/39 full history:https://lotterytexts.com/ghana/daywa-5-39/past-results/:ghana_local_date=2022-10-03
2022-10-08,5,7,9,14,24,external verified LotteryTexts Daywa 5/39 full history:https://lotterytexts.com/ghana/daywa-5-39/past-results/:ghana_local_date=2022-10-08
2022-10-10,5,9,25,28,34,external verified LotteryTexts Daywa 5/39 full history:https://lotterytexts.com/ghana/daywa-5-39/past-results/:ghana_local_date=2022-10-10
2022-10-11,6,14,21,27,29,external verified LotteryTexts Daywa 5/39 full history:https://lotterytexts.com/ghana/daywa-5-39/past-results/:ghana_local_date=2022-10-11
2022-12-05,2,22,26,30,37,external verified LotteryTexts Daywa 5/39 full history:https://lotterytexts.com/ghana/daywa-5-39/past-results/:ghana_local_date=2022-12-05
2022-12-06,9,11,13,33,37,external verified LotteryTexts Daywa 5/39 full history:https://lotterytexts.com/ghana/daywa-5-39/past-results/:ghana_local_date=2022-12-06
2022-12-07,1,20,26,36,39,external verified LotteryTexts Daywa 5/39 full history:https://lotterytexts.com/ghana/daywa-5-39/past-results/:ghana_local_date=2022-12-07
2022-12-08,3,24,26,33,37,external verified LotteryTexts Daywa 5/39 full history:https://lotterytexts.com/ghana/daywa-5-39/past-results/:ghana_local_date=2022-12-08
2022-12-12,8,12,14,26,34,external verified LotteryTexts Daywa 5/39 full history:https://lotterytexts.com/ghana/daywa-5-39/past-results/:ghana_local_date=2022-12-12
2022-12-13,2,4,14,21,35,external verified LotteryTexts Daywa 5/39 full history:https://lotterytexts.com/ghana/daywa-5-39/past-results/:ghana_local_date=2022-12-13
2022-12-14,1,16,17,28,32,external verified LotteryTexts Daywa 5/39 full history:https://lotterytexts.com/ghana/daywa-5-39/past-results/:ghana_local_date=2022-12-14
2022-12-15,7,9,11,28,34,external verified LotteryTexts Daywa 5/39 full history:https://lotterytexts.com/ghana/daywa-5-39/past-results/:ghana_local_date=2022-12-15
2022-12-16,1,7,22,27,38,external verified LotteryTexts Daywa 5/39 full history:https://lotterytexts.com/ghana/daywa-5-39/past-results/:ghana_local_date=2022-12-16
2022-12-17,11,22,23,28,31,external verified LotteryTexts Daywa 5/39 full history:https://lotterytexts.com/ghana/daywa-5-39/past-results/:ghana_local_date=2022-12-17
2022-12-19,4,6,8,15,19,external verified LotteryTexts Daywa 5/39 full history:https://lotterytexts.com/ghana/daywa-5-39/past-results/:ghana_local_date=2022-12-19
2022-12-20,1,4,11,14,28,external verified LotteryTexts Daywa 5/39 full history:https://lotterytexts.com/ghana/daywa-5-39/past-results/:ghana_local_date=2022-12-20
2022-12-21,2,25,26,35,38,external verified LotteryTexts Daywa 5/39 full history:https://lotterytexts.com/ghana/daywa-5-39/past-results/:ghana_local_date=2022-12-21
2022-12-22,3,8,16,20,35,external verified LotteryTexts Daywa 5/39 full history:https://lotterytexts.com/ghana/daywa-5-39/past-results/:ghana_local_date=2022-12-22
2022-12-23,1,4,7,19,32,external verified LotteryTexts Daywa 5/39 full history:https://lotterytexts.com/ghana/daywa-5-39/past-results/:ghana_local_date=2022-12-23
2022-12-28,4,32,33,34,36,external verified LotteryTexts Daywa 5/39 full history:https://lotterytexts.com/ghana/daywa-5-39/past-results/:ghana_local_date=2022-12-28
2022-12-29,15,18,25,32,38,external verified LotteryTexts Daywa 5/39 full history:https://lotterytexts.com/ghana/daywa-5-39/past-results/:ghana_local_date=2022-12-29
2022-12-30,3,6,20,22,30,external verified LotteryTexts Daywa 5/39 full history:https://lotterytexts.com/ghana/daywa-5-39/past-results/:ghana_local_date=2022-12-30
2023-01-03,6,12,15,18,26,external verified LotteryTexts Daywa 5/39 full history:https://lotterytexts.com/ghana/daywa-5-39/past-results/:ghana_local_date=2023-01-03
2023-01-04,6,14,18,22,29,external verified LotteryTexts Daywa 5/39 full history:https://lotterytexts.com/ghana/daywa-5-39/past-results/:ghana_local_date=2023-01-04
2023-01-05,5,6,18,22,27,external verified LotteryTexts Daywa 5/39 full history:https://lotterytexts.com/ghana/daywa-5-39/past-results/:ghana_local_date=2023-01-05
2023-01-07,10,14,15,36,39,external verified LotteryTexts Daywa 5/39 full history:https://lotterytexts.com/ghana/daywa-5-39/past-results/:ghana_local_date=2023-01-07
2023-01-10,11,14,16,25,39,external verified LotteryTexts Daywa 5/39 full history:https://lotterytexts.com/ghana/daywa-5-39/past-results/:ghana_local_date=2023-01-10
2023-01-11,2,11,21,27,28,external verified LotteryTexts Daywa 5/39 full history:https://lotterytexts.com/ghana/daywa-5-39/past-results/:ghana_local_date=2023-01-11
2023-01-12,8,22,25,36,39,external verified LotteryTexts Daywa 5/39 full history:https://lotterytexts.com/ghana/daywa-5-39/past-results/:ghana_local_date=2023-01-12
2023-01-13,3,5,16,24,26,external verified LotteryTexts Daywa 5/39 full history:https://lotterytexts.com/ghana/daywa-5-39/past-results/:ghana_local_date=2023-01-13
2023-01-14,1,6,13,14,20,external verified LotteryTexts Daywa 5/39 full history:https://lotterytexts.com/ghana/daywa-5-39/past-results/:ghana_local_date=2023-01-14
2023-01-16,3,4,10,11,29,external verified LotteryTexts Daywa 5/39 full history:https://lotterytexts.com/ghana/daywa-5-39/past-results/:ghana_local_date=2023-01-16
2023-01-17,8,16,26,29,34,external verified LotteryTexts Daywa 5/39 full history:https://lotterytexts.com/ghana/daywa-5-39/past-results/:ghana_local_date=2023-01-17
2023-01-18,12,14,18,26,39,external verified LotteryTexts Daywa 5/39 full history:https://lotterytexts.com/ghana/daywa-5-39/past-results/:ghana_local_date=2023-01-18
2023-01-19,3,4,13,15,36,external verified LotteryTexts Daywa 5/39 full history:https://lotterytexts.com/ghana/daywa-5-39/past-results/:ghana_local_date=2023-01-19
2023-01-20,8,14,30,31,33,external verified LotteryTexts Daywa 5/39 full history:https://lotterytexts.com/ghana/daywa-5-39/past-results/:ghana_local_date=2023-01-20
2023-01-21,4,5,15,36,39,external verified LotteryTexts Daywa 5/39 full history:https://lotterytexts.com/ghana/daywa-5-39/past-results/:ghana_local_date=2023-01-21
2023-01-24,4,23,30,35,36,external verified LotteryTexts Daywa 5/39 full history:https://lotterytexts.com/ghana/daywa-5-39/past-results/:ghana_local_date=2023-01-24
2023-01-25,4,5,21,25,27,external verified LotteryTexts Daywa 5/39 full history:https://lotterytexts.com/ghana/daywa-5-39/past-results/:ghana_local_date=2023-01-25
2023-01-26,6,13,14,19,39,external verified LotteryTexts Daywa 5/39 full history:https://lotterytexts.com/ghana/daywa-5-39/past-results/:ghana_local_date=2023-01-26
2023-01-27,5,22,23,26,38,external verified LotteryTexts Daywa 5/39 full history:https://lotterytexts.com/ghana/daywa-5-39/past-results/:ghana_local_date=2023-01-27
2023-01-28,6,17,20,28,34,external verified LotteryTexts Daywa 5/39 full history:https://lotterytexts.com/ghana/daywa-5-39/past-results/:ghana_local_date=2023-01-28
2023-01-30,14,15,24,30,31,external verified LotteryTexts Daywa 5/39 full history:https://lotterytexts.com/ghana/daywa-5-39/past-results/:ghana_local_date=2023-01-30
2023-01-31,7,22,34,36,37,external verified LotteryTexts Daywa 5/39 full history:https://lotterytexts.com/ghana/daywa-5-39/past-results/:ghana_local_date=2023-01-31
2023-02-01,4,6,7,19,21,external verified LotteryTexts Daywa 5/39 full history:https://lotterytexts.com/ghana/daywa-5-39/past-results/:ghana_local_date=2023-02-01
2023-02-02,1,3,19,22,37,external verified LotteryTexts Daywa 5/39 full history:https://lotterytexts.com/ghana/daywa-5-39/past-results/:ghana_local_date=2023-02-02
2023-02-03,4,6,10,18,33,external verified LotteryTexts Daywa 5/39 full history:https://lotterytexts.com/ghana/daywa-5-39/past-results/:ghana_local_date=2023-02-03
2023-02-04,11,20,26,28,39,external verified LotteryTexts Daywa 5/39 full history:https://lotterytexts.com/ghana/daywa-5-39/past-results/:ghana_local_date=2023-02-04
2023-02-06,7,22,33,36,38,external verified LotteryTexts Daywa 5/39 full history:https://lotterytexts.com/ghana/daywa-5-39/past-results/:ghana_local_date=2023-02-06
2023-02-07,7,15,32,38,39,external verified LotteryTexts Daywa 5/39 full history:https://lotterytexts.com/ghana/daywa-5-39/past-results/:ghana_local_date=2023-02-07
2023-02-08,2,6,12,33,38,external verified LotteryTexts Daywa 5/39 full history:https://lotterytexts.com/ghana/daywa-5-39/past-results/:ghana_local_date=2023-02-08
2023-02-09,21,25,26,31,33,external verified LotteryTexts Daywa 5/39 full history:https://lotterytexts.com/ghana/daywa-5-39/past-results/:ghana_local_date=2023-02-09
2023-02-10,2,20,35,36,39,external verified LotteryTexts Daywa 5/39 full history:https://lotterytexts.com/ghana/daywa-5-39/past-results/:ghana_local_date=2023-02-10
2023-02-11,6,16,17,34,35,external verified LotteryTexts Daywa 5/39 full history:https://lotterytexts.com/ghana/daywa-5-39/past-results/:ghana_local_date=2023-02-11
2023-02-13,6,17,28,29,36,external verified LotteryTexts Daywa 5/39 full history:https://lotterytexts.com/ghana/daywa-5-39/past-results/:ghana_local_date=2023-02-13
2023-02-14,3,32,35,36,39,external verified LotteryTexts Daywa 5/39 full history:https://lotterytexts.com/ghana/daywa-5-39/past-results/:ghana_local_date=2023-02-14
2023-02-15,3,6,28,34,39,external verified LotteryTexts Daywa 5/39 full history:https://lotterytexts.com/ghana/daywa-5-39/past-results/:ghana_local_date=2023-02-15
2023-02-16,6,8,10,18,35,external verified LotteryTexts Daywa 5/39 full history:https://lotterytexts.com/ghana/daywa-5-39/past-results/:ghana_local_date=2023-02-16
2023-02-17,7,8,20,23,31,external verified LotteryTexts Daywa 5/39 full history:https://lotterytexts.com/ghana/daywa-5-39/past-results/:ghana_local_date=2023-02-17
2023-02-20,10,11,12,22,23,external verified LotteryTexts Daywa 5/39 full history:https://lotterytexts.com/ghana/daywa-5-39/past-results/:ghana_local_date=2023-02-20
2023-02-21,3,6,7,20,25,external verified LotteryTexts Daywa 5/39 full history:https://lotterytexts.com/ghana/daywa-5-39/past-results/:ghana_local_date=2023-02-21
2023-02-22,7,23,30,31,39,external verified LotteryTexts Daywa 5/39 full history:https://lotterytexts.com/ghana/daywa-5-39/past-results/:ghana_local_date=2023-02-22
2023-02-23,13,14,15,20,39,external verified LotteryTexts Daywa 5/39 full history:https://lotterytexts.com/ghana/daywa-5-39/past-results/:ghana_local_date=2023-02-23
2023-02-24,2,3,8,14,16,external verified LotteryTexts Daywa 5/39 full history:https://lotterytexts.com/ghana/daywa-5-39/past-results/:ghana_local_date=2023-02-24
2023-02-25,4,5,13,31,39,external verified LotteryTexts Daywa 5/39 full history:https://lotterytexts.com/ghana/daywa-5-39/past-results/:ghana_local_date=2023-02-25
2023-02-27,9,11,17,23,30,external verified LotteryTexts Daywa 5/39 full history:https://lotterytexts.com/ghana/daywa-5-39/past-results/:ghana_local_date=2023-02-27
2023-02-28,2,5,36,37,39,external verified LotteryTexts Daywa 5/39 full history:https://lotterytexts.com/ghana/daywa-5-39/past-results/:ghana_local_date=2023-02-28
2023-03-01,1,18,28,35,37,external verified LotteryTexts Daywa 5/39 full history:https://lotterytexts.com/ghana/daywa-5-39/past-results/:ghana_local_date=2023-03-01
2023-03-02,14,23,25,28,37,external verified LotteryTexts Daywa 5/39 full history:https://lotterytexts.com/ghana/daywa-5-39/past-results/:ghana_local_date=2023-03-02
2023-03-03,12,13,14,19,20,external verified LotteryTexts Daywa 5/39 full history:https://lotterytexts.com/ghana/daywa-5-39/past-results/:ghana_local_date=2023-03-03
2023-03-07,2,3,20,28,31,external verified LotteryTexts Daywa 5/39 full history:https://lotterytexts.com/ghana/daywa-5-39/past-results/:ghana_local_date=2023-03-07
2023-03-08,2,26,29,34,36,external verified LotteryTexts Daywa 5/39 full history:https://lotterytexts.com/ghana/daywa-5-39/past-results/:ghana_local_date=2023-03-08
2023-03-09,7,13,21,27,38,external verified LotteryTexts Daywa 5/39 full history:https://lotterytexts.com/ghana/daywa-5-39/past-results/:ghana_local_date=2023-03-09
2023-03-10,9,13,15,34,36,external verified LotteryTexts Daywa 5/39 full history:https://lotterytexts.com/ghana/daywa-5-39/past-results/:ghana_local_date=2023-03-10
2023-03-11,18,25,28,35,39,external verified LotteryTexts Daywa 5/39 full history:https://lotterytexts.com/ghana/daywa-5-39/past-results/:ghana_local_date=2023-03-11
2023-03-13,16,20,26,27,38,external verified LotteryTexts Daywa 5/39 full history:https://lotterytexts.com/ghana/daywa-5-39/past-results/:ghana_local_date=2023-03-13
2023-03-14,4,18,21,31,34,external verified LotteryTexts Daywa 5/39 full history:https://lotterytexts.com/ghana/daywa-5-39/past-results/:ghana_local_date=2023-03-14
2023-03-15,5,20,24,28,35,external verified LotteryTexts Daywa 5/39 full history:https://lotterytexts.com/ghana/daywa-5-39/past-results/:ghana_local_date=2023-03-15
2023-03-16,11,17,18,20,32,external verified LotteryTexts Daywa 5/39 full history:https://lotterytexts.com/ghana/daywa-5-39/past-results/:ghana_local_date=2023-03-16
2023-03-17,11,12,15,16,39,external verified LotteryTexts Daywa 5/39 full history:https://lotterytexts.com/ghana/daywa-5-39/past-results/:ghana_local_date=2023-03-17
2023-03-18,18,27,28,29,39,external verified LotteryTexts Daywa 5/39 full history:https://lotterytexts.com/ghana/daywa-5-39/past-results/:ghana_local_date=2023-03-18
2023-03-28,1,10,15,24,38,external verified LotteryTexts Daywa 5/39 full history:https://lotterytexts.com/ghana/daywa-5-39/past-results/:ghana_local_date=2023-03-28
2023-03-29,7,9,10,23,35,external verified LotteryTexts Daywa 5/39 full history:https://lotterytexts.com/ghana/daywa-5-39/past-results/:ghana_local_date=2023-03-29
2023-03-30,9,15,25,35,38,external verified LotteryTexts Daywa 5/39 full history:https://lotterytexts.com/ghana/daywa-5-39/past-results/:ghana_local_date=2023-03-30
2023-03-31,10,11,20,32,34,external verified LotteryTexts Daywa 5/39 full history:https://lotterytexts.com/ghana/daywa-5-39/past-results/:ghana_local_date=2023-03-31
2023-04-01,2,16,23,30,35,external verified LotteryTexts Daywa 5/39 full history:https://lotterytexts.com/ghana/daywa-5-39/past-results/:ghana_local_date=2023-04-01
2023-04-03,18,24,25,31,35,external verified LotteryTexts Daywa 5/39 full history:https://lotterytexts.com/ghana/daywa-5-39/past-results/:ghana_local_date=2023-04-03
2023-04-04,6,9,21,28,38,external verified LotteryTexts Daywa 5/39 full history:https://lotterytexts.com/ghana/daywa-5-39/past-results/:ghana_local_date=2023-04-04
2023-04-05,17,20,24,33,35,external verified LotteryTexts Daywa 5/39 full history:https://lotterytexts.com/ghana/daywa-5-39/past-results/:ghana_local_date=2023-04-05
2023-04-06,19,25,32,35,37,external verified LotteryTexts Daywa 5/39 full history:https://lotterytexts.com/ghana/daywa-5-39/past-results/:ghana_local_date=2023-04-06
2023-04-08,2,15,16,35,38,external verified LotteryTexts Daywa 5/39 full history:https://lotterytexts.com/ghana/daywa-5-39/past-results/:ghana_local_date=2023-04-08
2023-04-11,2,15,24,27,30,external verified LotteryTexts Daywa 5/39 full history:https://lotterytexts.com/ghana/daywa-5-39/past-results/:ghana_local_date=2023-04-11
2023-04-12,3,10,13,25,34,external verified LotteryTexts Daywa 5/39 full history:https://lotterytexts.com/ghana/daywa-5-39/past-results/:ghana_local_date=2023-04-12
2023-04-13,5,9,30,32,37,external verified LotteryTexts Daywa 5/39 full history:https://lotterytexts.com/ghana/daywa-5-39/past-results/:ghana_local_date=2023-04-13
2023-04-14,5,8,10,16,30,external verified LotteryTexts Daywa 5/39 full history:https://lotterytexts.com/ghana/daywa-5-39/past-results/:ghana_local_date=2023-04-14
2023-04-17,1,3,24,29,34,external verified LotteryTexts Daywa 5/39 full history:https://lotterytexts.com/ghana/daywa-5-39/past-results/:ghana_local_date=2023-04-17
2023-04-18,11,18,31,32,37,external verified LotteryTexts Daywa 5/39 full history:https://lotterytexts.com/ghana/daywa-5-39/past-results/:ghana_local_date=2023-04-18
2023-04-19,12,14,25,27,34,external verified LotteryTexts Daywa 5/39 full history:https://lotterytexts.com/ghana/daywa-5-39/past-results/:ghana_local_date=2023-04-19
2023-04-20,16,22,24,25,33,external verified LotteryTexts Daywa 5/39 full history:https://lotterytexts.com/ghana/daywa-5-39/past-results/:ghana_local_date=2023-04-20
2023-04-21,5,12,30,33,38,external verified LotteryTexts Daywa 5/39 full history:https://lotterytexts.com/ghana/daywa-5-39/past-results/:ghana_local_date=2023-04-21
2023-04-22,5,10,12,14,15,external verified LotteryTexts Daywa 5/39 full history:https://lotterytexts.com/ghana/daywa-5-39/past-results/:ghana_local_date=2023-04-22
2023-04-25,2,4,14,36,37,external verified LotteryTexts Daywa 5/39 full history:https://lotterytexts.com/ghana/daywa-5-39/past-results/:ghana_local_date=2023-04-25
2023-04-26,7,9,16,21,38,external verified LotteryTexts Daywa 5/39 full history:https://lotterytexts.com/ghana/daywa-5-39/past-results/:ghana_local_date=2023-04-26
2023-04-27,11,14,21,23,33,external verified LotteryTexts Daywa 5/39 full history:https://lotterytexts.com/ghana/daywa-5-39/past-results/:ghana_local_date=2023-04-27
2023-04-28,5,7,24,27,37,external verified LotteryTexts Daywa 5/39 full history:https://lotterytexts.com/ghana/daywa-5-39/past-results/:ghana_local_date=2023-04-28
2023-04-29,5,21,26,35,39,external verified LotteryTexts Daywa 5/39 full history:https://lotterytexts.com/ghana/daywa-5-39/past-results/:ghana_local_date=2023-04-29
2023-05-02,18,30,36,37,38,external verified LotteryTexts Daywa 5/39 full history:https://lotterytexts.com/ghana/daywa-5-39/past-results/:ghana_local_date=2023-05-02
2023-05-03,19,25,31,37,39,external verified LotteryTexts Daywa 5/39 full history:https://lotterytexts.com/ghana/daywa-5-39/past-results/:ghana_local_date=2023-05-03
2023-05-05,3,4,10,12,17,external verified LotteryTexts Daywa 5/39 full history:https://lotterytexts.com/ghana/daywa-5-39/past-results/:ghana_local_date=2023-05-05
2023-05-06,1,3,11,31,38,external verified LotteryTexts Daywa 5/39 full history:https://lotterytexts.com/ghana/daywa-5-39/past-results/:ghana_local_date=2023-05-06
2023-05-08,9,23,26,34,39,external verified LotteryTexts Daywa 5/39 full history:https://lotterytexts.com/ghana/daywa-5-39/past-results/:ghana_local_date=2023-05-08
2023-05-09,11,15,24,32,35,external verified LotteryTexts Daywa 5/39 full history:https://lotterytexts.com/ghana/daywa-5-39/past-results/:ghana_local_date=2023-05-09
2023-05-10,4,6,9,33,39,external verified LotteryTexts Daywa 5/39 full history:https://lotterytexts.com/ghana/daywa-5-39/past-results/:ghana_local_date=2023-05-10
2023-05-11,7,16,23,31,38,external verified LotteryTexts Daywa 5/39 full history:https://lotterytexts.com/ghana/daywa-5-39/past-results/:ghana_local_date=2023-05-11
2023-05-12,3,4,9,24,27,external verified LotteryTexts Daywa 5/39 full history:https://lotterytexts.com/ghana/daywa-5-39/past-results/:ghana_local_date=2023-05-12
2023-05-13,12,18,22,24,35,external verified LotteryTexts Daywa 5/39 full history:https://lotterytexts.com/ghana/daywa-5-39/past-results/:ghana_local_date=2023-05-13
2023-05-15,12,14,19,29,33,external verified LotteryTexts Daywa 5/39 full history:https://lotterytexts.com/ghana/daywa-5-39/past-results/:ghana_local_date=2023-05-15
2023-05-16,10,17,23,35,36,external verified LotteryTexts Daywa 5/39 full history:https://lotterytexts.com/ghana/daywa-5-39/past-results/:ghana_local_date=2023-05-16
2023-05-17,9,14,18,29,31,external verified LotteryTexts Daywa 5/39 full history:https://lotterytexts.com/ghana/daywa-5-39/past-results/:ghana_local_date=2023-05-17
2023-05-18,2,12,13,16,17,external verified LotteryTexts Daywa 5/39 full history:https://lotterytexts.com/ghana/daywa-5-39/past-results/:ghana_local_date=2023-05-18
2023-05-19,2,10,15,25,36,external verified LotteryTexts Daywa 5/39 full history:https://lotterytexts.com/ghana/daywa-5-39/past-results/:ghana_local_date=2023-05-19
2023-05-20,5,11,28,33,37,external verified LotteryTexts Daywa 5/39 full history:https://lotterytexts.com/ghana/daywa-5-39/past-results/:ghana_local_date=2023-05-20
2023-05-22,2,18,21,23,37,external verified LotteryTexts Daywa 5/39 full history:https://lotterytexts.com/ghana/daywa-5-39/past-results/:ghana_local_date=2023-05-22
2023-05-23,9,11,15,24,36,external verified LotteryTexts Daywa 5/39 full history:https://lotterytexts.com/ghana/daywa-5-39/past-results/:ghana_local_date=2023-05-23
2023-05-24,3,7,18,31,32,external verified LotteryTexts Daywa 5/39 full history:https://lotterytexts.com/ghana/daywa-5-39/past-results/:ghana_local_date=2023-05-24
2023-05-25,3,6,14,15,35,external verified LotteryTexts Daywa 5/39 full history:https://lotterytexts.com/ghana/daywa-5-39/past-results/:ghana_local_date=2023-05-25
2023-05-26,8,10,15,32,34,external verified LotteryTexts Daywa 5/39 full history:https://lotterytexts.com/ghana/daywa-5-39/past-results/:ghana_local_date=2023-05-26
2023-05-27,15,16,17,29,31,external verified LotteryTexts Daywa 5/39 full history:https://lotterytexts.com/ghana/daywa-5-39/past-results/:ghana_local_date=2023-05-27
2023-05-29,1,7,22,33,37,external verified LotteryTexts Daywa 5/39 full history:https://lotterytexts.com/ghana/daywa-5-39/past-results/:ghana_local_date=2023-05-29
2023-05-30,3,8,24,31,34,external verified LotteryTexts Daywa 5/39 full history:https://lotterytexts.com/ghana/daywa-5-39/past-results/:ghana_local_date=2023-05-30
2023-05-31,2,9,13,18,19,external verified LotteryTexts Daywa 5/39 full history:https://lotterytexts.com/ghana/daywa-5-39/past-results/:ghana_local_date=2023-05-31
2023-06-01,7,9,14,24,35,external verified LotteryTexts Daywa 5/39 full history:https://lotterytexts.com/ghana/daywa-5-39/past-results/:ghana_local_date=2023-06-01
2023-06-02,10,20,23,29,31,external verified LotteryTexts Daywa 5/39 full history:https://lotterytexts.com/ghana/daywa-5-39/past-results/:ghana_local_date=2023-06-02
2023-06-03,2,8,23,29,38,external verified LotteryTexts Daywa 5/39 full history:https://lotterytexts.com/ghana/daywa-5-39/past-results/:ghana_local_date=2023-06-03
2023-06-05,4,12,16,27,28,external verified LotteryTexts Daywa 5/39 full history:https://lotterytexts.com/ghana/daywa-5-39/past-results/:ghana_local_date=2023-06-05
2023-06-06,15,23,25,33,36,external verified LotteryTexts Daywa 5/39 full history:https://lotterytexts.com/ghana/daywa-5-39/past-results/:ghana_local_date=2023-06-06
2023-06-07,3,6,23,25,37,external verified LotteryTexts Daywa 5/39 full history:https://lotterytexts.com/ghana/daywa-5-39/past-results/:ghana_local_date=2023-06-07
2023-06-08,2,9,11,12,39,external verified LotteryTexts Daywa 5/39 full history:https://lotterytexts.com/ghana/daywa-5-39/past-results/:ghana_local_date=2023-06-08
2023-06-09,7,13,22,27,30,external verified LotteryTexts Daywa 5/39 full history:https://lotterytexts.com/ghana/daywa-5-39/past-results/:ghana_local_date=2023-06-09
2023-06-10,11,22,30,35,37,external verified LotteryTexts Daywa 5/39 full history:https://lotterytexts.com/ghana/daywa-5-39/past-results/:ghana_local_date=2023-06-10
2023-06-12,12,13,16,29,33,external verified LotteryTexts Daywa 5/39 full history:https://lotterytexts.com/ghana/daywa-5-39/past-results/:ghana_local_date=2023-06-12
2023-06-13,4,19,23,26,28,external verified LotteryTexts Daywa 5/39 full history:https://lotterytexts.com/ghana/daywa-5-39/past-results/:ghana_local_date=2023-06-13
2023-06-14,4,21,26,33,35,external verified LotteryTexts Daywa 5/39 full history:https://lotterytexts.com/ghana/daywa-5-39/past-results/:ghana_local_date=2023-06-14
2023-06-15,10,24,29,30,35,external verified LotteryTexts Daywa 5/39 full history:https://lotterytexts.com/ghana/daywa-5-39/past-results/:ghana_local_date=2023-06-15
2023-06-16,10,12,13,33,37,external verified LotteryTexts Daywa 5/39 full history:https://lotterytexts.com/ghana/daywa-5-39/past-results/:ghana_local_date=2023-06-16
2023-06-17,4,7,22,30,33,external verified LotteryTexts Daywa 5/39 full history:https://lotterytexts.com/ghana/daywa-5-39/past-results/:ghana_local_date=2023-06-17
2023-06-19,3,8,17,21,23,external verified LotteryTexts Daywa 5/39 full history:https://lotterytexts.com/ghana/daywa-5-39/past-results/:ghana_local_date=2023-06-19
2023-06-20,8,10,14,33,36,external verified LotteryTexts Daywa 5/39 full history:https://lotterytexts.com/ghana/daywa-5-39/past-results/:ghana_local_date=2023-06-20
2023-06-21,4,10,24,30,31,external verified LotteryTexts Daywa 5/39 full history:https://lotterytexts.com/ghana/daywa-5-39/past-results/:ghana_local_date=2023-06-21
2023-06-22,2,8,12,21,34,external verified LotteryTexts Daywa 5/39 full history:https://lotterytexts.com/ghana/daywa-5-39/past-results/:ghana_local_date=2023-06-22
2023-06-23,8,9,10,13,18,external verified LotteryTexts Daywa 5/39 full history:https://lotterytexts.com/ghana/daywa-5-39/past-results/:ghana_local_date=2023-06-23
2023-06-24,14,19,22,25,29,external verified LotteryTexts Daywa 5/39 full history:https://lotterytexts.com/ghana/daywa-5-39/past-results/:ghana_local_date=2023-06-24
2023-06-26,9,11,24,31,33,external verified LotteryTexts Daywa 5/39 full history:https://lotterytexts.com/ghana/daywa-5-39/past-results/:ghana_local_date=2023-06-26
2023-06-27,2,4,23,26,33,external verified LotteryTexts Daywa 5/39 full history:https://lotterytexts.com/ghana/daywa-5-39/past-results/:ghana_local_date=2023-06-27
2023-06-29,1,3,11,18,24,external verified LotteryTexts Daywa 5/39 full history:https://lotterytexts.com/ghana/daywa-5-39/past-results/:ghana_local_date=2023-06-29
2023-06-30,2,3,6,13,21,external verified LotteryTexts Daywa 5/39 full history:https://lotterytexts.com/ghana/daywa-5-39/past-results/:ghana_local_date=2023-06-30
2023-07-01,2,5,9,24,35,external verified LotteryTexts Daywa 5/39 full history:https://lotterytexts.com/ghana/daywa-5-39/past-results/:ghana_local_date=2023-07-01
2023-07-03,16,18,21,22,23,external verified LotteryTexts Daywa 5/39 full history:https://lotterytexts.com/ghana/daywa-5-39/past-results/:ghana_local_date=2023-07-03
2023-07-04,3,8,17,21,24,external verified LotteryTexts Daywa 5/39 full history:https://lotterytexts.com/ghana/daywa-5-39/past-results/:ghana_local_date=2023-07-04
2023-07-05,20,28,30,35,38,external verified LotteryTexts Daywa 5/39 full history:https://lotterytexts.com/ghana/daywa-5-39/past-results/:ghana_local_date=2023-07-05
2023-07-06,4,9,12,14,26,external verified LotteryTexts Daywa 5/39 full history:https://lotterytexts.com/ghana/daywa-5-39/past-results/:ghana_local_date=2023-07-06
2023-07-07,12,17,24,29,35,external verified LotteryTexts Daywa 5/39 full history:https://lotterytexts.com/ghana/daywa-5-39/past-results/:ghana_local_date=2023-07-07
2023-07-08,3,6,25,37,39,external verified LotteryTexts Daywa 5/39 full history:https://lotterytexts.com/ghana/daywa-5-39/past-results/:ghana_local_date=2023-07-08
2023-07-10,5,13,18,23,28,external verified LotteryTexts Daywa 5/39 full history:https://lotterytexts.com/ghana/daywa-5-39/past-results/:ghana_local_date=2023-07-10
2023-07-11,4,8,17,23,24,external verified LotteryTexts Daywa 5/39 full history:https://lotterytexts.com/ghana/daywa-5-39/past-results/:ghana_local_date=2023-07-11
2023-07-12,15,17,20,22,32,external verified LotteryTexts Daywa 5/39 full history:https://lotterytexts.com/ghana/daywa-5-39/past-results/:ghana_local_date=2023-07-12
2023-07-13,15,21,22,34,36,external verified LotteryTexts Daywa 5/39 full history:https://lotterytexts.com/ghana/daywa-5-39/past-results/:ghana_local_date=2023-07-13
2023-07-14,1,17,34,36,37,external verified LotteryTexts Daywa 5/39 full history:https://lotterytexts.com/ghana/daywa-5-39/past-results/:ghana_local_date=2023-07-14
2023-07-15,4,6,19,35,37,external verified LotteryTexts Daywa 5/39 full history:https://lotterytexts.com/ghana/daywa-5-39/past-results/:ghana_local_date=2023-07-15
2023-07-17,1,3,8,22,32,external verified LotteryTexts Daywa 5/39 full history:https://lotterytexts.com/ghana/daywa-5-39/past-results/:ghana_local_date=2023-07-17
2023-07-18,4,17,34,38,39,external verified LotteryTexts Daywa 5/39 full history:https://lotterytexts.com/ghana/daywa-5-39/past-results/:ghana_local_date=2023-07-18
2023-07-19,20,25,26,33,35,external verified LotteryTexts Daywa 5/39 full history:https://lotterytexts.com/ghana/daywa-5-39/past-results/:ghana_local_date=2023-07-19
2023-07-20,1,9,15,22,38,external verified LotteryTexts Daywa 5/39 full history:https://lotterytexts.com/ghana/daywa-5-39/past-results/:ghana_local_date=2023-07-20
2023-07-21,4,12,18,19,38,external verified LotteryTexts Daywa 5/39 full history:https://lotterytexts.com/ghana/daywa-5-39/past-results/:ghana_local_date=2023-07-21
2023-07-22,8,12,16,19,30,external verified LotteryTexts Daywa 5/39 full history:https://lotterytexts.com/ghana/daywa-5-39/past-results/:ghana_local_date=2023-07-22
2023-07-25,1,13,22,34,35,external verified LotteryTexts Daywa 5/39 full history:https://lotterytexts.com/ghana/daywa-5-39/past-results/:ghana_local_date=2023-07-25
2023-07-26,5,7,20,23,31,external verified LotteryTexts Daywa 5/39 full history:https://lotterytexts.com/ghana/daywa-5-39/past-results/:ghana_local_date=2023-07-26
2023-07-27,2,10,16,22,33,external verified LotteryTexts Daywa 5/39 full history:https://lotterytexts.com/ghana/daywa-5-39/past-results/:ghana_local_date=2023-07-27
2023-07-28,12,31,32,37,39,external verified LotteryTexts Daywa 5/39 full history:https://lotterytexts.com/ghana/daywa-5-39/past-results/:ghana_local_date=2023-07-28
2023-07-29,2,3,5,29,30,external verified LotteryTexts Daywa 5/39 full history:https://lotterytexts.com/ghana/daywa-5-39/past-results/:ghana_local_date=2023-07-29
2023-07-31,5,15,17,20,25,external verified LotteryTexts Daywa 5/39 full history:https://lotterytexts.com/ghana/daywa-5-39/past-results/:ghana_local_date=2023-07-31
2023-08-01,7,23,26,32,35,external verified LotteryTexts Daywa 5/39 full history:https://lotterytexts.com/ghana/daywa-5-39/past-results/:ghana_local_date=2023-08-01
2023-08-02,3,5,21,24,28,external verified LotteryTexts Daywa 5/39 full history:https://lotterytexts.com/ghana/daywa-5-39/past-results/:ghana_local_date=2023-08-02
2023-08-03,2,9,12,22,35,external verified LotteryTexts Daywa 5/39 full history:https://lotterytexts.com/ghana/daywa-5-39/past-results/:ghana_local_date=2023-08-03
2023-08-07,15,28,30,31,35,external verified LotteryTexts Daywa 5/39 full history:https://lotterytexts.com/ghana/daywa-5-39/past-results/:ghana_local_date=2023-08-07
2023-08-08,13,21,22,31,39,external verified LotteryTexts Daywa 5/39 full history:https://lotterytexts.com/ghana/daywa-5-39/past-results/:ghana_local_date=2023-08-08
2023-08-09,4,15,20,31,33,external verified LotteryTexts Daywa 5/39 full history:https://lotterytexts.com/ghana/daywa-5-39/past-results/:ghana_local_date=2023-08-09
2023-08-11,7,8,17,21,32,external verified LotteryTexts Daywa 5/39 full history:https://lotterytexts.com/ghana/daywa-5-39/past-results/:ghana_local_date=2023-08-11
2023-08-14,10,11,14,22,33,external verified LotteryTexts Daywa 5/39 full history:https://lotterytexts.com/ghana/daywa-5-39/past-results/:ghana_local_date=2023-08-14
2023-08-16,5,13,28,30,31,external verified LotteryTexts Daywa 5/39 full history:https://lotterytexts.com/ghana/daywa-5-39/past-results/:ghana_local_date=2023-08-16
2023-08-17,11,14,16,20,35,external verified LotteryTexts Daywa 5/39 full history:https://lotterytexts.com/ghana/daywa-5-39/past-results/:ghana_local_date=2023-08-17
2023-08-18,2,6,14,19,31,external verified LotteryTexts Daywa 5/39 full history:https://lotterytexts.com/ghana/daywa-5-39/past-results/:ghana_local_date=2023-08-18
2023-08-19,5,14,16,22,39,external verified LotteryTexts Daywa 5/39 full history:https://lotterytexts.com/ghana/daywa-5-39/past-results/:ghana_local_date=2023-08-19
2023-08-21,2,5,10,24,36,external verified LotteryTexts Daywa 5/39 full history:https://lotterytexts.com/ghana/daywa-5-39/past-results/:ghana_local_date=2023-08-21
2023-08-22,1,4,13,26,27,external verified LotteryTexts Daywa 5/39 full history:https://lotterytexts.com/ghana/daywa-5-39/past-results/:ghana_local_date=2023-08-22
2023-08-23,3,18,25,26,35,external verified LotteryTexts Daywa 5/39 full history:https://lotterytexts.com/ghana/daywa-5-39/past-results/:ghana_local_date=2023-08-23
2023-08-24,12,13,15,28,33,external verified LotteryTexts Daywa 5/39 full history:https://lotterytexts.com/ghana/daywa-5-39/past-results/:ghana_local_date=2023-08-24
2023-08-25,2,7,9,20,28,external verified LotteryTexts Daywa 5/39 full history:https://lotterytexts.com/ghana/daywa-5-39/past-results/:ghana_local_date=2023-08-25
2023-08-26,6,15,32,33,37,external verified LotteryTexts Daywa 5/39 full history:https://lotterytexts.com/ghana/daywa-5-39/past-results/:ghana_local_date=2023-08-26
2023-08-28,2,5,6,19,24,external verified LotteryTexts Daywa 5/39 full history:https://lotterytexts.com/ghana/daywa-5-39/past-results/:ghana_local_date=2023-08-28
2023-08-29,6,15,18,20,29,external verified LotteryTexts Daywa 5/39 full history:https://lotterytexts.com/ghana/daywa-5-39/past-results/:ghana_local_date=2023-08-29
2023-08-30,5,16,24,30,35,external verified LotteryTexts Daywa 5/39 full history:https://lotterytexts.com/ghana/daywa-5-39/past-results/:ghana_local_date=2023-08-30
2023-08-31,5,10,25,31,35,external verified LotteryTexts Daywa 5/39 full history:https://lotterytexts.com/ghana/daywa-5-39/past-results/:ghana_local_date=2023-08-31
2023-09-01,6,14,18,28,33,external verified LotteryTexts Daywa 5/39 full history:https://lotterytexts.com/ghana/daywa-5-39/past-results/:ghana_local_date=2023-09-01
2023-09-02,3,4,13,28,37,external verified LotteryTexts Daywa 5/39 full history:https://lotterytexts.com/ghana/daywa-5-39/past-results/:ghana_local_date=2023-09-02
2023-09-04,1,3,14,21,28,external verified LotteryTexts Daywa 5/39 full history:https://lotterytexts.com/ghana/daywa-5-39/past-results/:ghana_local_date=2023-09-04
2023-09-05,4,13,18,33,37,external verified LotteryTexts Daywa 5/39 full history:https://lotterytexts.com/ghana/daywa-5-39/past-results/:ghana_local_date=2023-09-05
2023-09-06,1,11,20,29,30,external verified LotteryTexts Daywa 5/39 full history:https://lotterytexts.com/ghana/daywa-5-39/past-results/:ghana_local_date=2023-09-06
2023-09-07,2,6,13,36,39,external verified LotteryTexts Daywa 5/39 full history:https://lotterytexts.com/ghana/daywa-5-39/past-results/:ghana_local_date=2023-09-07
2023-09-08,2,20,21,31,38,external verified LotteryTexts Daywa 5/39 full history:https://lotterytexts.com/ghana/daywa-5-39/past-results/:ghana_local_date=2023-09-08
2023-09-09,7,8,20,32,35,external verified LotteryTexts Daywa 5/39 full history:https://lotterytexts.com/ghana/daywa-5-39/past-results/:ghana_local_date=2023-09-09
2023-09-12,1,17,20,37,39,external verified LotteryTexts Daywa 5/39 full history:https://lotterytexts.com/ghana/daywa-5-39/past-results/:ghana_local_date=2023-09-12
2023-09-13,7,12,13,29,32,external verified LotteryTexts Daywa 5/39 full history:https://lotterytexts.com/ghana/daywa-5-39/past-results/:ghana_local_date=2023-09-13
2023-09-14,4,14,15,34,35,external verified LotteryTexts Daywa 5/39 full history:https://lotterytexts.com/ghana/daywa-5-39/past-results/:ghana_local_date=2023-09-14
2023-09-15,7,11,18,32,34,external verified LotteryTexts Daywa 5/39 full history:https://lotterytexts.com/ghana/daywa-5-39/past-results/:ghana_local_date=2023-09-15
2023-09-16,6,7,32,34,38,external verified LotteryTexts Daywa 5/39 full history:https://lotterytexts.com/ghana/daywa-5-39/past-results/:ghana_local_date=2023-09-16
2023-09-18,3,7,15,30,33,external verified LotteryTexts Daywa 5/39 full history:https://lotterytexts.com/ghana/daywa-5-39/past-results/:ghana_local_date=2023-09-18
2023-09-19,2,6,17,25,31,external verified LotteryTexts Daywa 5/39 full history:https://lotterytexts.com/ghana/daywa-5-39/past-results/:ghana_local_date=2023-09-19
2023-09-20,7,8,24,30,36,external verified LotteryTexts Daywa 5/39 full history:https://lotterytexts.com/ghana/daywa-5-39/past-results/:ghana_local_date=2023-09-20
2023-09-22,3,7,14,18,38,external verified LotteryTexts Daywa 5/39 full history:https://lotterytexts.com/ghana/daywa-5-39/past-results/:ghana_local_date=2023-09-22
2023-09-23,12,22,27,33,38,external verified LotteryTexts Daywa 5/39 full history:https://lotterytexts.com/ghana/daywa-5-39/past-results/:ghana_local_date=2023-09-23
2023-09-25,6,8,15,17,37,external verified LotteryTexts Daywa 5/39 full history:https://lotterytexts.com/ghana/daywa-5-39/past-results/:ghana_local_date=2023-09-25
2023-09-26,14,15,17,20,23,external verified LotteryTexts Daywa 5/39 full history:https://lotterytexts.com/ghana/daywa-5-39/past-results/:ghana_local_date=2023-09-26
2023-09-27,4,18,26,29,34,external verified LotteryTexts Daywa 5/39 full history:https://lotterytexts.com/ghana/daywa-5-39/past-results/:ghana_local_date=2023-09-27
2023-09-28,3,8,9,17,25,external verified LotteryTexts Daywa 5/39 full history:https://lotterytexts.com/ghana/daywa-5-39/past-results/:ghana_local_date=2023-09-28
2023-09-29,1,14,25,29,32,external verified LotteryTexts Daywa 5/39 full history:https://lotterytexts.com/ghana/daywa-5-39/past-results/:ghana_local_date=2023-09-29
2023-10-01,10,12,18,32,34,external verified LotteryTexts Daywa 5/39 full history:https://lotterytexts.com/ghana/daywa-5-39/past-results/:ghana_local_date=2023-10-01
2023-10-03,4,11,20,23,39,external verified LotteryTexts Daywa 5/39 full history:https://lotterytexts.com/ghana/daywa-5-39/past-results/:ghana_local_date=2023-10-03
2023-10-04,1,3,6,22,26,external verified LotteryTexts Daywa 5/39 full history:https://lotterytexts.com/ghana/daywa-5-39/past-results/:ghana_local_date=2023-10-04
2023-10-05,2,20,25,34,36,external verified LotteryTexts Daywa 5/39 full history:https://lotterytexts.com/ghana/daywa-5-39/past-results/:ghana_local_date=2023-10-05
2023-10-06,5,18,28,33,34,external verified LotteryTexts Daywa 5/39 full history:https://lotterytexts.com/ghana/daywa-5-39/past-results/:ghana_local_date=2023-10-06
2023-10-07,3,13,22,30,31,external verified LotteryTexts Daywa 5/39 full history:https://lotterytexts.com/ghana/daywa-5-39/past-results/:ghana_local_date=2023-10-07
2023-10-08,7,16,19,29,37,external verified LotteryTexts Daywa 5/39 full history:https://lotterytexts.com/ghana/daywa-5-39/past-results/:ghana_local_date=2023-10-08
2023-10-09,8,18,20,30,32,external verified LotteryTexts Daywa 5/39 full history:https://lotterytexts.com/ghana/daywa-5-39/past-results/:ghana_local_date=2023-10-09
2023-10-10,3,23,31,35,38,external verified LotteryTexts Daywa 5/39 full history:https://lotterytexts.com/ghana/daywa-5-39/past-results/:ghana_local_date=2023-10-10
2023-10-11,3,18,22,36,38,external verified LotteryTexts Daywa 5/39 full history:https://lotterytexts.com/ghana/daywa-5-39/past-results/:ghana_local_date=2023-10-11
2023-10-12,2,4,8,33,37,external verified LotteryTexts Daywa 5/39 full history:https://lotterytexts.com/ghana/daywa-5-39/past-results/:ghana_local_date=2023-10-12
2023-10-13,6,12,21,34,35,external verified LotteryTexts Daywa 5/39 full history:https://lotterytexts.com/ghana/daywa-5-39/past-results/:ghana_local_date=2023-10-13
2023-10-14,8,17,22,28,35,external verified LotteryTexts Daywa 5/39 full history:https://lotterytexts.com/ghana/daywa-5-39/past-results/:ghana_local_date=2023-10-14
2023-10-15,8,13,24,29,34,external verified LotteryTexts Daywa 5/39 full history:https://lotterytexts.com/ghana/daywa-5-39/past-results/:ghana_local_date=2023-10-15
2023-10-16,5,19,23,27,30,external verified LotteryTexts Daywa 5/39 full history:https://lotterytexts.com/ghana/daywa-5-39/past-results/:ghana_local_date=2023-10-16
2023-10-17,6,7,23,30,33,external verified LotteryTexts Daywa 5/39 full history:https://lotterytexts.com/ghana/daywa-5-39/past-results/:ghana_local_date=2023-10-17
2023-10-18,8,10,16,20,31,external verified LotteryTexts Daywa 5/39 full history:https://lotterytexts.com/ghana/daywa-5-39/past-results/:ghana_local_date=2023-10-18
2023-10-19,15,18,26,27,36,external verified LotteryTexts Daywa 5/39 full history:https://lotterytexts.com/ghana/daywa-5-39/past-results/:ghana_local_date=2023-10-19
2023-10-20,6,8,10,14,35,external verified LotteryTexts Daywa 5/39 full history:https://lotterytexts.com/ghana/daywa-5-39/past-results/:ghana_local_date=2023-10-20
2023-10-21,4,8,9,27,33,external verified LotteryTexts Daywa 5/39 full history:https://lotterytexts.com/ghana/daywa-5-39/past-results/:ghana_local_date=2023-10-21
2023-10-22,20,26,28,31,38,external verified LotteryTexts Daywa 5/39 full history:https://lotterytexts.com/ghana/daywa-5-39/past-results/:ghana_local_date=2023-10-22
2023-10-23,1,22,30,33,38,external verified LotteryTexts Daywa 5/39 full history:https://lotterytexts.com/ghana/daywa-5-39/past-results/:ghana_local_date=2023-10-23
2023-10-25,4,5,20,32,37,external verified LotteryTexts Daywa 5/39 full history:https://lotterytexts.com/ghana/daywa-5-39/past-results/:ghana_local_date=2023-10-25
2023-10-26,2,5,20,22,30,external verified LotteryTexts Daywa 5/39 full history:https://lotterytexts.com/ghana/daywa-5-39/past-results/:ghana_local_date=2023-10-26
2023-10-27,15,22,25,26,32,external verified LotteryTexts Daywa 5/39 full history:https://lotterytexts.com/ghana/daywa-5-39/past-results/:ghana_local_date=2023-10-27
2023-10-28,3,10,22,28,33,external verified LotteryTexts Daywa 5/39 full history:https://lotterytexts.com/ghana/daywa-5-39/past-results/:ghana_local_date=2023-10-28
2023-10-29,5,12,17,28,32,external verified LotteryTexts Daywa 5/39 full history:https://lotterytexts.com/ghana/daywa-5-39/past-results/:ghana_local_date=2023-10-29
2023-10-30,3,4,12,13,36,external verified LotteryTexts Daywa 5/39 full history:https://lotterytexts.com/ghana/daywa-5-39/past-results/:ghana_local_date=2023-10-30
2023-10-31,2,9,14,17,28,external verified LotteryTexts Daywa 5/39 full history:https://lotterytexts.com/ghana/daywa-5-39/past-results/:ghana_local_date=2023-10-31
2023-11-01,2,6,9,17,27,external verified LotteryTexts Daywa 5/39 full history:https://lotterytexts.com/ghana/daywa-5-39/past-results/:ghana_local_date=2023-11-01
2023-11-02,11,20,23,25,36,external verified LotteryTexts Daywa 5/39 full history:https://lotterytexts.com/ghana/daywa-5-39/past-results/:ghana_local_date=2023-11-02
2023-11-03,14,22,25,27,33,external verified LotteryTexts Daywa 5/39 full history:https://lotterytexts.com/ghana/daywa-5-39/past-results/:ghana_local_date=2023-11-03
2023-11-04,14,20,29,31,35,external verified LotteryTexts Daywa 5/39 full history:https://lotterytexts.com/ghana/daywa-5-39/past-results/:ghana_local_date=2023-11-04
2023-11-05,1,6,14,30,38,external verified LotteryTexts Daywa 5/39 full history:https://lotterytexts.com/ghana/daywa-5-39/past-results/:ghana_local_date=2023-11-05
2023-11-06,9,17,19,22,36,external verified LotteryTexts Daywa 5/39 full history:https://lotterytexts.com/ghana/daywa-5-39/past-results/:ghana_local_date=2023-11-06
2023-11-07,4,8,9,11,16,external verified LotteryTexts Daywa 5/39 full history:https://lotterytexts.com/ghana/daywa-5-39/past-results/:ghana_local_date=2023-11-07
2023-11-08,16,22,30,32,34,external verified LotteryTexts Daywa 5/39 full history:https://lotterytexts.com/ghana/daywa-5-39/past-results/:ghana_local_date=2023-11-08
2023-11-09,2,8,12,19,31,external verified LotteryTexts Daywa 5/39 full history:https://lotterytexts.com/ghana/daywa-5-39/past-results/:ghana_local_date=2023-11-09
2023-11-10,5,15,19,35,39,external verified LotteryTexts Daywa 5/39 full history:https://lotterytexts.com/ghana/daywa-5-39/past-results/:ghana_local_date=2023-11-10
2023-11-11,1,17,19,24,30,external verified LotteryTexts Daywa 5/39 full history:https://lotterytexts.com/ghana/daywa-5-39/past-results/:ghana_local_date=2023-11-11
2023-11-12,10,12,13,30,34,external verified LotteryTexts Daywa 5/39 full history:https://lotterytexts.com/ghana/daywa-5-39/past-results/:ghana_local_date=2023-11-12
2023-11-13,1,11,13,22,31,external verified LotteryTexts Daywa 5/39 full history:https://lotterytexts.com/ghana/daywa-5-39/past-results/:ghana_local_date=2023-11-13
2023-11-14,8,10,17,28,32,external verified LotteryTexts Daywa 5/39 full history:https://lotterytexts.com/ghana/daywa-5-39/past-results/:ghana_local_date=2023-11-14
2023-11-15,10,12,18,21,23,external verified LotteryTexts Daywa 5/39 full history:https://lotterytexts.com/ghana/daywa-5-39/past-results/:ghana_local_date=2023-11-15
2023-11-16,4,9,24,25,32,external verified LotteryTexts Daywa 5/39 full history:https://lotterytexts.com/ghana/daywa-5-39/past-results/:ghana_local_date=2023-11-16
2023-11-17,7,11,19,21,34,external verified LotteryTexts Daywa 5/39 full history:https://lotterytexts.com/ghana/daywa-5-39/past-results/:ghana_local_date=2023-11-17
2023-11-18,8,14,31,37,39,external verified LotteryTexts Daywa 5/39 full history:https://lotterytexts.com/ghana/daywa-5-39/past-results/:ghana_local_date=2023-11-18
2023-11-19,12,14,25,30,33,external verified LotteryTexts Daywa 5/39 full history:https://lotterytexts.com/ghana/daywa-5-39/past-results/:ghana_local_date=2023-11-19
2023-11-20,3,13,19,20,38,external verified LotteryTexts Daywa 5/39 full history:https://lotterytexts.com/ghana/daywa-5-39/past-results/:ghana_local_date=2023-11-20
2023-11-21,10,11,21,24,39,external verified LotteryTexts Daywa 5/39 full history:https://lotterytexts.com/ghana/daywa-5-39/past-results/:ghana_local_date=2023-11-21
2023-11-22,17,18,25,33,38,external verified LotteryTexts Daywa 5/39 full history:https://lotterytexts.com/ghana/daywa-5-39/past-results/:ghana_local_date=2023-11-22
2023-11-23,5,19,28,31,38,external verified LotteryTexts Daywa 5/39 full history:https://lotterytexts.com/ghana/daywa-5-39/past-results/:ghana_local_date=2023-11-23
2023-11-24,16,17,27,29,32,external verified LotteryTexts Daywa 5/39 full history:https://lotterytexts.com/ghana/daywa-5-39/past-results/:ghana_local_date=2023-11-24
2023-11-25,2,4,25,27,29,external verified LotteryTexts Daywa 5/39 full history:https://lotterytexts.com/ghana/daywa-5-39/past-results/:ghana_local_date=2023-11-25
2023-11-26,1,7,13,33,37,external verified LotteryTexts Daywa 5/39 full history:https://lotterytexts.com/ghana/daywa-5-39/past-results/:ghana_local_date=2023-11-26
2023-11-27,3,9,19,22,31,external verified LotteryTexts Daywa 5/39 full history:https://lotterytexts.com/ghana/daywa-5-39/past-results/:ghana_local_date=2023-11-27
2023-11-28,11,18,31,32,39,external verified LotteryTexts Daywa 5/39 full history:https://lotterytexts.com/ghana/daywa-5-39/past-results/:ghana_local_date=2023-11-28
2023-11-29,3,8,19,24,29,external verified LotteryTexts Daywa 5/39 full history:https://lotterytexts.com/ghana/daywa-5-39/past-results/:ghana_local_date=2023-11-29
2023-11-30,12,17,20,21,24,external verified LotteryTexts Daywa 5/39 full history:https://lotterytexts.com/ghana/daywa-5-39/past-results/:ghana_local_date=2023-11-30
2023-12-01,12,17,20,21,24,external verified LotteryTexts Daywa 5/39 full history:https://lotterytexts.com/ghana/daywa-5-39/past-results/:ghana_local_date=2023-12-01
2023-12-02,5,9,14,21,37,external verified LotteryTexts Daywa 5/39 full history:https://lotterytexts.com/ghana/daywa-5-39/past-results/:ghana_local_date=2023-12-02
2023-12-03,4,18,25,27,33,external verified LotteryTexts Daywa 5/39 full history:https://lotterytexts.com/ghana/daywa-5-39/past-results/:ghana_local_date=2023-12-03
2023-12-04,5,12,29,31,33,external verified LotteryTexts Daywa 5/39 full history:https://lotterytexts.com/ghana/daywa-5-39/past-results/:ghana_local_date=2023-12-04
2023-12-05,9,13,29,31,38,external verified LotteryTexts Daywa 5/39 full history:https://lotterytexts.com/ghana/daywa-5-39/past-results/:ghana_local_date=2023-12-05
2023-12-06,7,9,12,25,26,external verified LotteryTexts Daywa 5/39 full history:https://lotterytexts.com/ghana/daywa-5-39/past-results/:ghana_local_date=2023-12-06
2023-12-07,2,16,26,29,32,external verified LotteryTexts Daywa 5/39 full history:https://lotterytexts.com/ghana/daywa-5-39/past-results/:ghana_local_date=2023-12-07
2023-12-08,2,24,32,33,39,external verified LotteryTexts Daywa 5/39 full history:https://lotterytexts.com/ghana/daywa-5-39/past-results/:ghana_local_date=2023-12-08
2023-12-09,14,18,22,25,32,external verified LotteryTexts Daywa 5/39 full history:https://lotterytexts.com/ghana/daywa-5-39/past-results/:ghana_local_date=2023-12-09
2023-12-11,1,3,25,37,38,external verified LotteryTexts Daywa 5/39 full history:https://lotterytexts.com/ghana/daywa-5-39/past-results/:ghana_local_date=2023-12-11
2023-12-12,17,22,27,36,39,external verified LotteryTexts Daywa 5/39 full history:https://lotterytexts.com/ghana/daywa-5-39/past-results/:ghana_local_date=2023-12-12
2023-12-13,7,15,17,22,34,external verified LotteryTexts Daywa 5/39 full history:https://lotterytexts.com/ghana/daywa-5-39/past-results/:ghana_local_date=2023-12-13
2023-12-14,3,13,20,26,39,external verified LotteryTexts Daywa 5/39 full history:https://lotterytexts.com/ghana/daywa-5-39/past-results/:ghana_local_date=2023-12-14
2023-12-15,1,8,10,18,32,external verified LotteryTexts Daywa 5/39 full history:https://lotterytexts.com/ghana/daywa-5-39/past-results/:ghana_local_date=2023-12-15
2023-12-16,4,17,22,34,39,external verified LotteryTexts Daywa 5/39 full history:https://lotterytexts.com/ghana/daywa-5-39/past-results/:ghana_local_date=2023-12-16
2023-12-17,2,7,10,19,35,external verified LotteryTexts Daywa 5/39 full history:https://lotterytexts.com/ghana/daywa-5-39/past-results/:ghana_local_date=2023-12-17
2023-12-18,8,14,21,22,30,external verified LotteryTexts Daywa 5/39 full history:https://lotterytexts.com/ghana/daywa-5-39/past-results/:ghana_local_date=2023-12-18
2023-12-19,2,5,9,21,27,external verified LotteryTexts Daywa 5/39 full history:https://lotterytexts.com/ghana/daywa-5-39/past-results/:ghana_local_date=2023-12-19
2023-12-20,15,16,20,24,39,external verified LotteryTexts Daywa 5/39 full history:https://lotterytexts.com/ghana/daywa-5-39/past-results/:ghana_local_date=2023-12-20
2023-12-21,2,13,22,23,31,external verified LotteryTexts Daywa 5/39 full history:https://lotterytexts.com/ghana/daywa-5-39/past-results/:ghana_local_date=2023-12-21
2023-12-22,3,13,16,27,35,external verified LotteryTexts Daywa 5/39 full history:https://lotterytexts.com/ghana/daywa-5-39/past-results/:ghana_local_date=2023-12-22
2023-12-23,6,9,20,21,24,external verified LotteryTexts Daywa 5/39 full history:https://lotterytexts.com/ghana/daywa-5-39/past-results/:ghana_local_date=2023-12-23
2023-12-24,4,6,8,34,39,external verified LotteryTexts Daywa 5/39 full history:https://lotterytexts.com/ghana/daywa-5-39/past-results/:ghana_local_date=2023-12-24
2023-12-27,1,4,15,33,38,external verified LotteryTexts Daywa 5/39 full history:https://lotterytexts.com/ghana/daywa-5-39/past-results/:ghana_local_date=2023-12-27
2023-12-28,14,15,17,26,34,external verified LotteryTexts Daywa 5/39 full history:https://lotterytexts.com/ghana/daywa-5-39/past-results/:ghana_local_date=2023-12-28
2023-12-29,16,20,26,31,38,external verified LotteryTexts Daywa 5/39 full history:https://lotterytexts.com/ghana/daywa-5-39/past-results/:ghana_local_date=2023-12-29
2023-12-30,2,20,24,26,36,external verified LotteryTexts Daywa 5/39 full history:https://lotterytexts.com/ghana/daywa-5-39/past-results/:ghana_local_date=2023-12-30
2024-01-02,3,8,31,36,39,external verified LotteryTexts Daywa 5/39 full history:https://lotterytexts.com/ghana/daywa-5-39/past-results/:ghana_local_date=2024-01-02
2024-01-03,4,5,29,31,38,external verified LotteryTexts Daywa 5/39 full history:https://lotterytexts.com/ghana/daywa-5-39/past-results/:ghana_local_date=2024-01-03
2024-01-04,5,20,24,35,36,external verified LotteryTexts Daywa 5/39 full history:https://lotterytexts.com/ghana/daywa-5-39/past-results/:ghana_local_date=2024-01-04
2024-01-05,10,21,26,31,37,external verified LotteryTexts Daywa 5/39 full history:https://lotterytexts.com/ghana/daywa-5-39/past-results/:ghana_local_date=2024-01-05
2024-01-06,9,14,28,32,39,external verified LotteryTexts Daywa 5/39 full history:https://lotterytexts.com/ghana/daywa-5-39/past-results/:ghana_local_date=2024-01-06
2024-01-07,1,6,14,36,38,external verified LotteryTexts Daywa 5/39 full history:https://lotterytexts.com/ghana/daywa-5-39/past-results/:ghana_local_date=2024-01-07
2024-01-09,19,22,28,33,37,external verified LotteryTexts Daywa 5/39 full history:https://lotterytexts.com/ghana/daywa-5-39/past-results/:ghana_local_date=2024-01-09
2024-01-10,7,13,32,35,37,external verified LotteryTexts Daywa 5/39 full history:https://lotterytexts.com/ghana/daywa-5-39/past-results/:ghana_local_date=2024-01-10
2024-01-11,5,10,11,18,31,external verified LotteryTexts Daywa 5/39 full history:https://lotterytexts.com/ghana/daywa-5-39/past-results/:ghana_local_date=2024-01-11
2024-01-12,11,16,18,29,36,external verified LotteryTexts Daywa 5/39 full history:https://lotterytexts.com/ghana/daywa-5-39/past-results/:ghana_local_date=2024-01-12
2024-01-13,1,21,22,24,37,external verified LotteryTexts Daywa 5/39 full history:https://lotterytexts.com/ghana/daywa-5-39/past-results/:ghana_local_date=2024-01-13
2024-01-14,8,12,18,25,39,external verified LotteryTexts Daywa 5/39 full history:https://lotterytexts.com/ghana/daywa-5-39/past-results/:ghana_local_date=2024-01-14
2024-01-15,4,5,7,34,36,external verified LotteryTexts Daywa 5/39 full history:https://lotterytexts.com/ghana/daywa-5-39/past-results/:ghana_local_date=2024-01-15
2024-01-16,6,9,29,32,36,external verified LotteryTexts Daywa 5/39 full history:https://lotterytexts.com/ghana/daywa-5-39/past-results/:ghana_local_date=2024-01-16
2024-01-17,4,12,21,37,39,external verified LotteryTexts Daywa 5/39 full history:https://lotterytexts.com/ghana/daywa-5-39/past-results/:ghana_local_date=2024-01-17
2024-01-18,7,13,15,27,35,external verified LotteryTexts Daywa 5/39 full history:https://lotterytexts.com/ghana/daywa-5-39/past-results/:ghana_local_date=2024-01-18
2024-01-19,8,12,18,27,34,external verified LotteryTexts Daywa 5/39 full history:https://lotterytexts.com/ghana/daywa-5-39/past-results/:ghana_local_date=2024-01-19
2024-01-20,3,11,12,17,33,external verified LotteryTexts Daywa 5/39 full history:https://lotterytexts.com/ghana/daywa-5-39/past-results/:ghana_local_date=2024-01-20
2024-01-21,8,10,27,28,36,external verified LotteryTexts Daywa 5/39 full history:https://lotterytexts.com/ghana/daywa-5-39/past-results/:ghana_local_date=2024-01-21
2024-01-22,3,19,20,27,34,external verified LotteryTexts Daywa 5/39 full history:https://lotterytexts.com/ghana/daywa-5-39/past-results/:ghana_local_date=2024-01-22
2024-01-24,7,15,19,26,38,external verified LotteryTexts Daywa 5/39 full history:https://lotterytexts.com/ghana/daywa-5-39/past-results/:ghana_local_date=2024-01-24
2024-01-26,6,7,23,31,36,external verified LotteryTexts Daywa 5/39 full history:https://lotterytexts.com/ghana/daywa-5-39/past-results/:ghana_local_date=2024-01-26
2024-01-27,3,14,22,36,38,external verified LotteryTexts Daywa 5/39 full history:https://lotterytexts.com/ghana/daywa-5-39/past-results/:ghana_local_date=2024-01-27
2024-01-28,2,17,19,30,37,external verified LotteryTexts Daywa 5/39 full history:https://lotterytexts.com/ghana/daywa-5-39/past-results/:ghana_local_date=2024-01-28
2024-01-29,4,6,9,14,19,external verified LotteryTexts Daywa 5/39 full history:https://lotterytexts.com/ghana/daywa-5-39/past-results/:ghana_local_date=2024-01-29
2024-01-30,9,10,17,19,23,external verified LotteryTexts Daywa 5/39 full history:https://lotterytexts.com/ghana/daywa-5-39/past-results/:ghana_local_date=2024-01-30
2024-01-31,10,19,20,24,27,external verified LotteryTexts Daywa 5/39 full history:https://lotterytexts.com/ghana/daywa-5-39/past-results/:ghana_local_date=2024-01-31
2024-02-01,8,9,16,30,31,external verified LotteryTexts Daywa 5/39 full history:https://lotterytexts.com/ghana/daywa-5-39/past-results/:ghana_local_date=2024-02-01
2024-02-02,3,4,12,15,28,external verified LotteryTexts Daywa 5/39 full history:https://lotterytexts.com/ghana/daywa-5-39/past-results/:ghana_local_date=2024-02-02
2024-02-03,2,19,34,36,39,external verified LotteryTexts Daywa 5/39 full history:https://lotterytexts.com/ghana/daywa-5-39/past-results/:ghana_local_date=2024-02-03
2024-02-04,5,18,21,23,33,external verified LotteryTexts Daywa 5/39 full history:https://lotterytexts.com/ghana/daywa-5-39/past-results/:ghana_local_date=2024-02-04
2024-02-05,3,5,27,28,33,external verified LotteryTexts Daywa 5/39 full history:https://lotterytexts.com/ghana/daywa-5-39/past-results/:ghana_local_date=2024-02-05
2024-02-06,3,5,21,30,38,external verified LotteryTexts Daywa 5/39 full history:https://lotterytexts.com/ghana/daywa-5-39/past-results/:ghana_local_date=2024-02-06
2024-02-07,10,24,26,32,33,external verified LotteryTexts Daywa 5/39 full history:https://lotterytexts.com/ghana/daywa-5-39/past-results/:ghana_local_date=2024-02-07
2024-02-08,11,28,31,32,33,external verified LotteryTexts Daywa 5/39 full history:https://lotterytexts.com/ghana/daywa-5-39/past-results/:ghana_local_date=2024-02-08
2024-02-09,6,10,11,24,25,external verified LotteryTexts Daywa 5/39 full history:https://lotterytexts.com/ghana/daywa-5-39/past-results/:ghana_local_date=2024-02-09
2024-02-10,5,7,8,13,35,external verified LotteryTexts Daywa 5/39 full history:https://lotterytexts.com/ghana/daywa-5-39/past-results/:ghana_local_date=2024-02-10
2024-02-11,16,17,22,26,32,external verified LotteryTexts Daywa 5/39 full history:https://lotterytexts.com/ghana/daywa-5-39/past-results/:ghana_local_date=2024-02-11
2024-02-12,11,12,13,27,38,external verified LotteryTexts Daywa 5/39 full history:https://lotterytexts.com/ghana/daywa-5-39/past-results/:ghana_local_date=2024-02-12
2024-02-13,3,10,11,30,39,external verified LotteryTexts Daywa 5/39 full history:https://lotterytexts.com/ghana/daywa-5-39/past-results/:ghana_local_date=2024-02-13
2024-02-14,2,8,18,26,39,external verified LotteryTexts Daywa 5/39 full history:https://lotterytexts.com/ghana/daywa-5-39/past-results/:ghana_local_date=2024-02-14
2024-02-15,2,12,25,27,32,external verified LotteryTexts Daywa 5/39 full history:https://lotterytexts.com/ghana/daywa-5-39/past-results/:ghana_local_date=2024-02-15
2024-02-16,3,10,15,19,22,external verified LotteryTexts Daywa 5/39 full history:https://lotterytexts.com/ghana/daywa-5-39/past-results/:ghana_local_date=2024-02-16
2024-02-17,6,20,23,35,37,external verified LotteryTexts Daywa 5/39 full history:https://lotterytexts.com/ghana/daywa-5-39/past-results/:ghana_local_date=2024-02-17
2024-02-18,17,21,25,33,36,external verified LotteryTexts Daywa 5/39 full history:https://lotterytexts.com/ghana/daywa-5-39/past-results/:ghana_local_date=2024-02-18
2024-02-19,3,28,30,34,36,external verified LotteryTexts Daywa 5/39 full history:https://lotterytexts.com/ghana/daywa-5-39/past-results/:ghana_local_date=2024-02-19
2024-02-20,1,8,9,19,36,external verified LotteryTexts Daywa 5/39 full history:https://lotterytexts.com/ghana/daywa-5-39/past-results/:ghana_local_date=2024-02-20
2024-02-21,1,13,22,31,33,external verified LotteryTexts Daywa 5/39 full history:https://lotterytexts.com/ghana/daywa-5-39/past-results/:ghana_local_date=2024-02-21
2024-02-22,2,11,18,25,35,external verified LotteryTexts Daywa 5/39 full history:https://lotterytexts.com/ghana/daywa-5-39/past-results/:ghana_local_date=2024-02-22
2024-02-23,8,16,17,19,23,external verified LotteryTexts Daywa 5/39 full history:https://lotterytexts.com/ghana/daywa-5-39/past-results/:ghana_local_date=2024-02-23
2024-02-24,22,29,35,36,37,external verified LotteryTexts Daywa 5/39 full history:https://lotterytexts.com/ghana/daywa-5-39/past-results/:ghana_local_date=2024-02-24
2024-02-25,3,12,25,32,37,external verified LotteryTexts Daywa 5/39 full history:https://lotterytexts.com/ghana/daywa-5-39/past-results/:ghana_local_date=2024-02-25
2024-02-26,5,14,30,34,39,external verified LotteryTexts Daywa 5/39 full history:https://lotterytexts.com/ghana/daywa-5-39/past-results/:ghana_local_date=2024-02-26
2024-02-27,7,8,9,15,35,external verified LotteryTexts Daywa 5/39 full history:https://lotterytexts.com/ghana/daywa-5-39/past-results/:ghana_local_date=2024-02-27
2024-02-28,11,19,25,28,35,external verified LotteryTexts Daywa 5/39 full history:https://lotterytexts.com/ghana/daywa-5-39/past-results/:ghana_local_date=2024-02-28
2024-02-29,2,8,11,20,22,external verified LotteryTexts Daywa 5/39 full history:https://lotterytexts.com/ghana/daywa-5-39/past-results/:ghana_local_date=2024-02-29
2024-03-01,8,12,18,22,28,external verified LotteryTexts Daywa 5/39 full history:https://lotterytexts.com/ghana/daywa-5-39/past-results/:ghana_local_date=2024-03-01
2024-03-02,4,15,21,24,26,external verified LotteryTexts Daywa 5/39 full history:https://lotterytexts.com/ghana/daywa-5-39/past-results/:ghana_local_date=2024-03-02
2024-03-03,8,14,19,31,34,external verified LotteryTexts Daywa 5/39 full history:https://lotterytexts.com/ghana/daywa-5-39/past-results/:ghana_local_date=2024-03-03
2024-03-04,12,17,24,30,35,external verified LotteryTexts Daywa 5/39 full history:https://lotterytexts.com/ghana/daywa-5-39/past-results/:ghana_local_date=2024-03-04
2024-03-05,2,5,27,37,39,external verified LotteryTexts Daywa 5/39 full history:https://lotterytexts.com/ghana/daywa-5-39/past-results/:ghana_local_date=2024-03-05
2024-03-07,2,17,27,28,30,external verified LotteryTexts Daywa 5/39 full history:https://lotterytexts.com/ghana/daywa-5-39/past-results/:ghana_local_date=2024-03-07
2024-03-08,2,14,17,31,32,external verified LotteryTexts Daywa 5/39 full history:https://lotterytexts.com/ghana/daywa-5-39/past-results/:ghana_local_date=2024-03-08
2024-03-09,17,21,23,30,39,external verified LotteryTexts Daywa 5/39 full history:https://lotterytexts.com/ghana/daywa-5-39/past-results/:ghana_local_date=2024-03-09
2024-03-10,8,12,19,23,26,external verified LotteryTexts Daywa 5/39 full history:https://lotterytexts.com/ghana/daywa-5-39/past-results/:ghana_local_date=2024-03-10
2024-03-11,5,6,8,29,35,external verified LotteryTexts Daywa 5/39 full history:https://lotterytexts.com/ghana/daywa-5-39/past-results/:ghana_local_date=2024-03-11
2024-03-12,12,13,28,29,39,external verified LotteryTexts Daywa 5/39 full history:https://lotterytexts.com/ghana/daywa-5-39/past-results/:ghana_local_date=2024-03-12
2024-03-13,18,31,36,37,39,external verified LotteryTexts Daywa 5/39 full history:https://lotterytexts.com/ghana/daywa-5-39/past-results/:ghana_local_date=2024-03-13
2024-03-14,3,10,24,31,33,external verified LotteryTexts Daywa 5/39 full history:https://lotterytexts.com/ghana/daywa-5-39/past-results/:ghana_local_date=2024-03-14
2024-03-15,4,7,15,21,25,external verified LotteryTexts Daywa 5/39 full history:https://lotterytexts.com/ghana/daywa-5-39/past-results/:ghana_local_date=2024-03-15
2024-03-16,8,19,29,33,36,external verified LotteryTexts Daywa 5/39 full history:https://lotterytexts.com/ghana/daywa-5-39/past-results/:ghana_local_date=2024-03-16
2024-03-17,14,27,32,33,36,external verified LotteryTexts Daywa 5/39 full history:https://lotterytexts.com/ghana/daywa-5-39/past-results/:ghana_local_date=2024-03-17
2024-03-18,3,6,19,20,35,external verified LotteryTexts Daywa 5/39 full history:https://lotterytexts.com/ghana/daywa-5-39/past-results/:ghana_local_date=2024-03-18
2024-03-19,9,10,17,20,23,external verified LotteryTexts Daywa 5/39 full history:https://lotterytexts.com/ghana/daywa-5-39/past-results/:ghana_local_date=2024-03-19
2024-03-20,8,18,23,29,30,external verified LotteryTexts Daywa 5/39 full history:https://lotterytexts.com/ghana/daywa-5-39/past-results/:ghana_local_date=2024-03-20
2024-03-21,3,16,17,25,29,external verified LotteryTexts Daywa 5/39 full history:https://lotterytexts.com/ghana/daywa-5-39/past-results/:ghana_local_date=2024-03-21
2024-03-22,5,6,12,33,35,external verified LotteryTexts Daywa 5/39 full history:https://lotterytexts.com/ghana/daywa-5-39/past-results/:ghana_local_date=2024-03-22
2024-03-23,1,4,7,21,29,external verified LotteryTexts Daywa 5/39 full history:https://lotterytexts.com/ghana/daywa-5-39/past-results/:ghana_local_date=2024-03-23
2024-03-24,1,3,7,9,13,external verified LotteryTexts Daywa 5/39 full history:https://lotterytexts.com/ghana/daywa-5-39/past-results/:ghana_local_date=2024-03-24
2024-03-25,2,10,12,33,34,external verified LotteryTexts Daywa 5/39 full history:https://lotterytexts.com/ghana/daywa-5-39/past-results/:ghana_local_date=2024-03-25
2024-03-26,7,18,19,20,32,external verified LotteryTexts Daywa 5/39 full history:https://lotterytexts.com/ghana/daywa-5-39/past-results/:ghana_local_date=2024-03-26
2024-03-27,2,14,15,25,29,external verified LotteryTexts Daywa 5/39 full history:https://lotterytexts.com/ghana/daywa-5-39/past-results/:ghana_local_date=2024-03-27
2024-03-28,12,22,25,26,28,external verified LotteryTexts Daywa 5/39 full history:https://lotterytexts.com/ghana/daywa-5-39/past-results/:ghana_local_date=2024-03-28
2024-03-30,4,11,13,15,16,external verified LotteryTexts Daywa 5/39 full history:https://lotterytexts.com/ghana/daywa-5-39/past-results/:ghana_local_date=2024-03-30
2024-04-02,6,14,20,24,33,external verified LotteryTexts Daywa 5/39 full history:https://lotterytexts.com/ghana/daywa-5-39/past-results/:ghana_local_date=2024-04-02
2024-04-03,4,14,19,21,33,external verified LotteryTexts Daywa 5/39 full history:https://lotterytexts.com/ghana/daywa-5-39/past-results/:ghana_local_date=2024-04-03
2024-04-04,4,13,21,30,38,external verified LotteryTexts Daywa 5/39 full history:https://lotterytexts.com/ghana/daywa-5-39/past-results/:ghana_local_date=2024-04-04
2024-04-05,11,17,24,28,38,external verified LotteryTexts Daywa 5/39 full history:https://lotterytexts.com/ghana/daywa-5-39/past-results/:ghana_local_date=2024-04-05
2024-04-06,2,3,21,34,36,external verified LotteryTexts Daywa 5/39 full history:https://lotterytexts.com/ghana/daywa-5-39/past-results/:ghana_local_date=2024-04-06
2024-04-07,11,18,22,23,30,external verified LotteryTexts Daywa 5/39 full history:https://lotterytexts.com/ghana/daywa-5-39/past-results/:ghana_local_date=2024-04-07
2024-04-08,12,15,18,20,32,external verified LotteryTexts Daywa 5/39 full history:https://lotterytexts.com/ghana/daywa-5-39/past-results/:ghana_local_date=2024-04-08
2024-04-09,11,23,25,28,30,NLA official winning-numbers:5/39 Direct Tuesday:draw#136
2024-04-10,17,18,20,32,34,NLA official winning-numbers:5/39 Direct Wednesday:draw#139
2024-04-11,11,12,23,38,39,NLA official winning-numbers:5/39 Direct Thursday:draw#139
2024-04-12,6,8,12,27,30,NLA official winning-numbers:5/39 Direct Friday:draw#136
2024-04-13,13,14,17,26,28,NLA official winning-numbers:5/39 Direct Saturday:draw#137
2024-04-14,10,13,16,30,39,external verified LotteryTexts Daywa 5/39 full history:https://lotterytexts.com/ghana/daywa-5-39/past-results/:ghana_local_date=2024-04-14
2024-04-15,4,17,21,32,36,NLA official winning-numbers:5/39 Direct Monday:draw#401
2024-04-16,3,7,14,18,21,NLA official winning-numbers:5/39 Direct Tuesday:draw#137
2024-04-17,11,16,18,36,38,NLA official winning-numbers:5/39 Direct Wednesday:draw#140
2024-04-18,4,14,19,24,25,NLA official winning-numbers:5/39 Direct Thursday:draw#140
2024-04-19,7,25,31,33,35,NLA official winning-numbers:5/39 Direct Friday:draw#137
2024-04-20,5,17,24,27,34,NLA official winning-numbers:5/39 Direct Saturday:draw#138
2024-04-21,4,5,7,19,37,external verified LotteryTexts Daywa 5/39 full history:https://lotterytexts.com/ghana/daywa-5-39/past-results/:ghana_local_date=2024-04-21
2024-04-22,3,12,16,25,36,NLA official winning-numbers:5/39 Direct Monday:draw#402
2024-04-23,12,15,23,32,37,NLA official winning-numbers:5/39 Direct Tuesday:draw#138
2024-04-24,12,14,15,17,29,NLA official winning-numbers:5/39 Direct Wednesday:draw#141
2024-04-25,3,6,10,18,31,NLA official winning-numbers:5/39 Direct Thursday:draw#141
2024-04-26,2,10,12,21,36,NLA official winning-numbers:5/39 Direct Friday:draw#138
2024-04-27,18,22,29,32,33,NLA official winning-numbers:5/39 Direct Saturday:draw#139
2024-04-28,20,23,28,29,33,external verified LotteryTexts Daywa 5/39 full history:https://lotterytexts.com/ghana/daywa-5-39/past-results/:ghana_local_date=2024-04-28
2024-04-29,5,10,23,30,38,NLA official winning-numbers:5/39 Direct Monday:draw#403
2024-04-30,16,17,24,25,33,NLA official winning-numbers:5/39 Direct Tuesday:draw#139
2024-05-02,12,13,14,21,22,external verified LotteryTexts Daywa 5/39 full history:https://lotterytexts.com/ghana/daywa-5-39/past-results/:ghana_local_date=2024-05-02
2024-05-03,1,2,10,13,25,NLA official winning-numbers:5/39 Direct Friday:draw#139
2024-05-04,13,22,27,31,38,NLA official winning-numbers:5/39 Direct Saturday:draw#140
2024-05-05,5,12,18,31,34,external verified LotteryTexts Daywa 5/39 full history:https://lotterytexts.com/ghana/daywa-5-39/past-results/:ghana_local_date=2024-05-05
2024-05-06,16,27,30,35,39,NLA official winning-numbers:5/39 Direct Monday:draw#404
2024-05-07,1,12,22,28,36,NLA official winning-numbers:5/39 Direct Tuesday:draw#140
2024-05-08,2,5,31,35,39,NLA official winning-numbers:5/39 Direct Wednesday:draw#143
2024-05-09,5,7,11,18,34,NLA official winning-numbers:5/39 Direct Thursday:draw#143
2024-05-10,7,16,22,23,24,NLA official winning-numbers:5/39 Direct Friday:draw#140
2024-05-11,13,23,27,32,38,NLA official winning-numbers:5/39 Direct Saturday:draw#141
2024-05-12,3,5,10,12,17,external verified LotteryTexts Daywa 5/39 full history:https://lotterytexts.com/ghana/daywa-5-39/past-results/:ghana_local_date=2024-05-12
2024-05-13,6,19,21,29,31,NLA official winning-numbers:5/39 Direct Monday:draw#405
2024-05-14,7,15,19,24,31,NLA official winning-numbers:5/39 Direct Tuesday:draw#141
2024-05-15,5,13,25,29,31,NLA official winning-numbers:5/39 Direct Wednesday:draw#144
2024-05-16,3,10,12,24,31,NLA official winning-numbers:5/39 Direct Thursday:draw#144
2024-05-17,14,20,27,34,38,NLA official winning-numbers:5/39 Direct Friday:draw#141
2024-05-18,4,11,18,26,39,NLA official winning-numbers:5/39 Direct Saturday:draw#142
2024-05-19,14,15,19,25,36,external verified LotteryTexts Daywa 5/39 full history:https://lotterytexts.com/ghana/daywa-5-39/past-results/:ghana_local_date=2024-05-19
2024-05-20,5,9,14,30,37,NLA official winning-numbers:5/39 Direct Monday:draw#406
2024-05-21,4,8,27,29,37,NLA official winning-numbers:5/39 Direct Tuesday:draw#142
2024-05-22,4,5,18,35,36,NLA official winning-numbers:5/39 Direct Wednesday:draw#145
2024-05-23,5,7,28,33,35,NLA official winning-numbers:5/39 Direct Thursday:draw#145
2024-05-24,5,6,19,23,30,NLA official winning-numbers:5/39 Direct Friday:draw#142
2024-05-25,7,20,23,34,37,NLA official winning-numbers:5/39 Direct Saturday:draw#143
2024-05-26,4,15,19,25,27,external verified LotteryTexts Daywa 5/39 full history:https://lotterytexts.com/ghana/daywa-5-39/past-results/:ghana_local_date=2024-05-26
2024-05-27,1,9,20,22,29,NLA official winning-numbers:5/39 Direct Monday:draw#407
2024-05-28,2,5,8,12,16,NLA official winning-numbers:5/39 Direct Tuesday:draw#143
2024-05-29,1,17,18,22,23,NLA official winning-numbers:5/39 Direct Wednesday:draw#146
2024-05-30,4,11,12,21,38,NLA official winning-numbers:5/39 Direct Thursday:draw#146
2024-05-31,7,10,11,24,36,NLA official winning-numbers:5/39 Direct Friday:draw#143
2024-06-01,6,13,14,18,30,NLA official winning-numbers:5/39 Direct Saturday:draw#144
2024-06-02,3,17,27,32,37,external verified LotteryTexts Daywa 5/39 full history:https://lotterytexts.com/ghana/daywa-5-39/past-results/:ghana_local_date=2024-06-02
2024-06-03,2,7,17,22,39,NLA official winning-numbers:5/39 Direct Monday:draw#408
2024-06-04,7,9,12,13,27,NLA official winning-numbers:5/39 Direct Tuesday:draw#144
2024-06-05,5,16,19,20,34,NLA official winning-numbers:5/39 Direct Wednesday:draw#147
2024-06-06,3,6,22,24,26,NLA official winning-numbers:5/39 Direct Thursday:draw#147
2024-06-07,4,19,20,25,35,NLA official winning-numbers:5/39 Direct Friday:draw#144
2024-06-08,5,13,26,34,37,NLA official winning-numbers:5/39 Direct Saturday:draw#145
2024-06-09,13,20,30,32,34,external verified LotteryTexts Daywa 5/39 full history:https://lotterytexts.com/ghana/daywa-5-39/past-results/:ghana_local_date=2024-06-09
2024-06-10,6,14,21,23,24,NLA official winning-numbers:5/39 Direct Monday:draw#409
2024-06-11,2,12,14,16,17,NLA official winning-numbers:5/39 Direct Tuesday:draw#145
2024-06-12,7,10,13,17,34,NLA official winning-numbers:5/39 Direct Wednesday:draw#148
2024-06-13,9,20,26,27,31,NLA official winning-numbers:5/39 Direct Thursday:draw#148
2024-06-14,12,23,24,25,39,NLA official winning-numbers:5/39 Direct Friday:draw#145
2024-06-15,7,14,21,27,33,NLA official winning-numbers:5/39 Direct Saturday:draw#146
2024-06-16,7,9,10,31,33,external verified LotteryTexts Daywa 5/39 full history:https://lotterytexts.com/ghana/daywa-5-39/past-results/:ghana_local_date=2024-06-16
2024-06-17,14,26,31,35,38,NLA official winning-numbers:5/39 Direct Monday:draw#410
2024-06-18,2,16,21,23,25,NLA official winning-numbers:5/39 Direct Tuesday:draw#146
2024-06-19,12,14,25,36,37,NLA official winning-numbers:5/39 Direct Wednesday:draw#149
2024-06-20,6,10,11,32,38,NLA official winning-numbers:5/39 Direct Thursday:draw#149
2024-06-21,20,26,27,29,33,NLA official winning-numbers:5/39 Direct Friday:draw#146
2024-06-22,19,21,29,35,38,NLA official winning-numbers:5/39 Direct Saturday:draw#147
2024-06-23,3,15,20,25,31,external verified LotteryTexts Daywa 5/39 full history:https://lotterytexts.com/ghana/daywa-5-39/past-results/:ghana_local_date=2024-06-23
2024-06-24,1,5,6,20,25,NLA official winning-numbers:5/39 Direct Monday:draw#411
2024-06-25,4,6,22,27,28,NLA official winning-numbers:5/39 Direct Tuesday:draw#147
2024-06-26,1,5,10,11,18,NLA official winning-numbers:5/39 Direct Wednesday:draw#150
2024-06-27,4,18,21,23,34,NLA official winning-numbers:5/39 Direct Thursday:draw#150
2024-06-28,1,2,4,34,35,NLA official winning-numbers:5/39 Direct Friday:draw#147
2024-06-29,4,13,21,26,29,NLA official winning-numbers:5/39 Direct Saturday:draw#148
2024-06-30,4,13,21,26,29,external verified LotteryTexts Daywa 5/39 full history:https://lotterytexts.com/ghana/daywa-5-39/past-results/:ghana_local_date=2024-06-30
2024-07-01,2,20,26,29,35,NLA official winning-numbers:5/39 Direct Monday:draw#412
2024-07-02,19,27,33,35,39,NLA official winning-numbers:5/39 Direct Tuesday:draw#148
2024-07-03,1,20,33,35,37,NLA official winning-numbers:5/39 Direct Wednesday:draw#151
2024-07-04,4,16,18,22,25,NLA official winning-numbers:5/39 Direct Thursday:draw#151
2024-07-05,18,19,21,24,31,NLA official winning-numbers:5/39 Direct Friday:draw#148
2024-07-06,2,9,29,33,38,NLA official winning-numbers:5/39 Direct Saturday:draw#149
2024-07-07,1,2,27,28,33,external verified LotteryTexts Daywa 5/39 full history:https://lotterytexts.com/ghana/daywa-5-39/past-results/:ghana_local_date=2024-07-07
2024-07-08,3,8,15,19,20,NLA official winning-numbers:5/39 Direct Monday:draw#413
2024-07-09,2,6,18,20,27,NLA official winning-numbers:5/39 Direct Tuesday:draw#149
2024-07-10,11,13,18,28,29,NLA official winning-numbers:5/39 Direct Wednesday:draw#152
2024-07-11,2,5,25,26,35,NLA official winning-numbers:5/39 Direct Thursday:draw#152
2024-07-12,4,5,14,30,31,NLA official winning-numbers:5/39 Direct Friday:draw#149
2024-07-13,18,23,27,28,36,NLA official winning-numbers:5/39 Direct Saturday:draw#150
2024-07-14,7,12,13,19,23,external verified LotteryTexts Daywa 5/39 full history:https://lotterytexts.com/ghana/daywa-5-39/past-results/:ghana_local_date=2024-07-14
2024-07-15,15,18,31,37,38,NLA official winning-numbers:5/39 Direct Monday:draw#414
2024-07-16,6,11,26,32,34,NLA official winning-numbers:5/39 Direct Tuesday:draw#150
2024-07-17,12,22,23,31,33,NLA official winning-numbers:5/39 Direct Wednesday:draw#153
2024-07-18,5,18,19,30,37,NLA official winning-numbers:5/39 Direct Thursday:draw#153
2024-07-19,13,20,24,29,32,NLA official winning-numbers:5/39 Direct Friday:draw#150
2024-07-20,16,18,19,26,36,NLA official winning-numbers:5/39 Direct Saturday:draw#151
2024-07-21,4,5,10,20,26,external verified LotteryTexts Daywa 5/39 full history:https://lotterytexts.com/ghana/daywa-5-39/past-results/:ghana_local_date=2024-07-21
2024-07-22,1,2,15,25,34,NLA official winning-numbers:5/39 Direct Monday:draw#415
2024-07-23,2,5,6,18,26,NLA official winning-numbers:5/39 Direct Tuesday:draw#151
2024-07-24,4,8,28,33,37,NLA official winning-numbers:5/39 Direct Wednesday:draw#154
2024-07-25,1,19,23,34,36,NLA official winning-numbers:5/39 Direct Thursday:draw#154
2024-07-26,10,13,14,16,37,NLA official winning-numbers:5/39 Direct Friday:draw#151
2024-07-27,6,12,17,23,33,NLA official winning-numbers:5/39 Direct Saturday:draw#152
2024-07-28,9,14,26,30,37,external verified LotteryTexts Daywa 5/39 full history:https://lotterytexts.com/ghana/daywa-5-39/past-results/:ghana_local_date=2024-07-28
2024-07-29,16,20,21,33,39,NLA official winning-numbers:5/39 Direct Monday:draw#416
2024-07-30,8,27,32,34,37,NLA official winning-numbers:5/39 Direct Tuesday:draw#152
2024-07-31,10,19,23,27,34,NLA official winning-numbers:5/39 Direct Wednesday:draw#155
2024-08-01,5,8,19,34,37,NLA official winning-numbers:5/39 Direct Thursday:draw#155
2024-08-02,1,5,20,21,28,NLA official winning-numbers:5/39 Direct Friday:draw#152
2024-08-03,5,8,20,32,37,NLA official winning-numbers:5/39 Direct Saturday:draw#153
2024-08-04,13,19,25,33,35,external verified LotteryTexts Daywa 5/39 full history:https://lotterytexts.com/ghana/daywa-5-39/past-results/:ghana_local_date=2024-08-04
2024-08-05,7,25,33,36,37,NLA official winning-numbers:5/39 Direct Monday:draw#417
2024-08-06,3,14,18,31,36,NLA official winning-numbers:5/39 Direct Tuesday:draw#153
2024-08-07,22,24,25,31,35,NLA official winning-numbers:5/39 Direct Wednesday:draw#156
2024-08-08,13,20,22,26,37,NLA official winning-numbers:5/39 Direct Thursday:draw#156
2024-08-09,10,18,29,38,39,NLA official winning-numbers:5/39 Direct Friday:draw#153
2024-08-10,10,11,23,33,39,NLA official winning-numbers:5/39 Direct Saturday:draw#154
2024-08-11,4,15,29,30,36,external verified LotteryTexts Daywa 5/39 full history:https://lotterytexts.com/ghana/daywa-5-39/past-results/:ghana_local_date=2024-08-11
2024-08-12,7,10,13,29,37,NLA official winning-numbers:5/39 Direct Monday:draw#418
2024-08-13,6,20,21,27,37,NLA official winning-numbers:5/39 Direct Tuesday:draw#154
2024-08-14,4,5,16,22,35,NLA official winning-numbers:5/39 Direct Wednesday:draw#157
2024-08-15,9,10,15,30,36,NLA official winning-numbers:5/39 Direct Thursday:draw#157
2024-08-16,3,11,18,20,36,NLA official winning-numbers:5/39 Direct Friday:draw#154
2024-08-17,17,19,22,30,35,NLA official winning-numbers:5/39 Direct Saturday:draw#155
2024-08-18,4,17,21,22,28,external verified LotteryTexts Daywa 5/39 full history:https://lotterytexts.com/ghana/daywa-5-39/past-results/:ghana_local_date=2024-08-18
2024-08-19,4,12,18,20,36,NLA official winning-numbers:5/39 Direct Monday:draw#419
2024-08-20,1,4,20,22,33,NLA official winning-numbers:5/39 Direct Tuesday:draw#155
2024-08-21,1,2,19,22,30,NLA official winning-numbers:5/39 Direct Wednesday:draw#158
2024-08-22,3,11,15,31,37,NLA official winning-numbers:5/39 Direct Thursday:draw#158
2024-08-23,12,26,29,33,36,NLA official winning-numbers:5/39 Direct Friday:draw#155
2024-08-24,5,8,9,12,26,NLA official winning-numbers:5/39 Direct Saturday:draw#156
2024-08-25,1,3,16,32,34,external verified LotteryTexts Daywa 5/39 full history:https://lotterytexts.com/ghana/daywa-5-39/past-results/:ghana_local_date=2024-08-25
2024-08-26,9,14,26,30,31,NLA official winning-numbers:5/39 Direct Monday:draw#420
2024-08-27,3,7,29,32,33,NLA official winning-numbers:5/39 Direct Tuesday:draw#156
2024-08-28,1,10,13,30,37,NLA official winning-numbers:5/39 Direct Wednesday:draw#159
2024-08-29,2,14,29,30,35,NLA official winning-numbers:5/39 Direct Thursday:draw#159
2024-08-30,3,6,11,23,26,NLA official winning-numbers:5/39 Direct Friday:draw#156
2024-08-31,8,12,22,31,39,NLA official winning-numbers:5/39 Direct Saturday:draw#157
2024-09-01,4,10,18,22,32,external verified LotteryTexts Daywa 5/39 full history:https://lotterytexts.com/ghana/daywa-5-39/past-results/:ghana_local_date=2024-09-01
2024-09-02,1,2,3,22,34,NLA official winning-numbers:5/39 Direct Monday:draw#421
2024-09-03,22,25,33,37,39,NLA official winning-numbers:5/39 Direct Tuesday:draw#157
2024-09-04,15,20,26,29,30,NLA official winning-numbers:5/39 Direct Wednesday:draw#160
2024-09-05,1,5,11,21,27,NLA official winning-numbers:5/39 Direct Thursday:draw#160
2024-09-06,10,16,23,24,38,NLA official winning-numbers:5/39 Direct Friday:draw#157
2024-09-07,2,3,5,16,28,NLA official winning-numbers:5/39 Direct Saturday:draw#158
2024-09-08,2,6,19,20,35,external verified LotteryTexts Daywa 5/39 full history:https://lotterytexts.com/ghana/daywa-5-39/past-results/:ghana_local_date=2024-09-08
2024-09-09,3,4,17,21,23,NLA official winning-numbers:5/39 Direct Monday:draw#422
2024-09-10,13,16,18,19,35,NLA official winning-numbers:5/39 Direct Tuesday:draw#158
2024-09-11,7,13,17,24,27,NLA official winning-numbers:5/39 Direct Wednesday:draw#161
2024-09-12,1,16,19,35,39,NLA official winning-numbers:5/39 Direct Thursday:draw#161
2024-09-13,8,12,21,23,27,NLA official winning-numbers:5/39 Direct Friday:draw#158
2024-09-14,1,5,10,18,32,NLA official winning-numbers:5/39 Direct Saturday:draw#159
2024-09-15,7,9,10,19,38,external verified LotteryTexts Daywa 5/39 full history:https://lotterytexts.com/ghana/daywa-5-39/past-results/:ghana_local_date=2024-09-15
2024-09-16,3,6,22,25,31,NLA official winning-numbers:5/39 Direct Monday:draw#423
2024-09-17,2,8,12,17,38,NLA official winning-numbers:5/39 Direct Tuesday:draw#159
2024-09-18,2,7,17,18,36,NLA official winning-numbers:5/39 Direct Wednesday:draw#162
2024-09-19,2,9,21,28,37,NLA official winning-numbers:5/39 Direct Thursday:draw#162
2024-09-20,9,12,16,19,34,NLA official winning-numbers:5/39 Direct Friday:draw#159
2024-09-21,3,20,26,33,39,NLA official winning-numbers:5/39 Direct Saturday:draw#160
2024-09-22,1,2,16,22,39,external verified LotteryTexts Daywa 5/39 full history:https://lotterytexts.com/ghana/daywa-5-39/past-results/:ghana_local_date=2024-09-22
2024-09-23,1,19,23,30,39,NLA official winning-numbers:5/39 Direct Monday:draw#424
2024-09-24,4,22,23,32,38,NLA official winning-numbers:5/39 Direct Tuesday:draw#160
2024-09-25,1,6,14,21,32,NLA official winning-numbers:5/39 Direct Wednesday:draw#163
2024-09-26,12,25,28,31,32,NLA official winning-numbers:5/39 Direct Thursday:draw#163
2024-09-27,3,11,17,22,39,NLA official winning-numbers:5/39 Direct Friday:draw#160
2024-09-28,10,17,18,22,32,NLA official winning-numbers:5/39 Direct Saturday:draw#161
2024-09-29,6,7,16,26,36,external verified LotteryTexts Daywa 5/39 full history:https://lotterytexts.com/ghana/daywa-5-39/past-results/:ghana_local_date=2024-09-29
2024-09-30,7,11,15,25,31,NLA official winning-numbers:5/39 Direct Monday:draw#425
2024-10-01,8,10,15,22,36,NLA official winning-numbers:5/39 Direct Tuesday:draw#161
2024-10-02,12,17,24,28,39,NLA official winning-numbers:5/39 Direct Wednesday:draw#164
2024-10-03,7,15,17,29,37,NLA official winning-numbers:5/39 Direct Thursday:draw#164
2024-10-04,2,10,13,18,24,NLA official winning-numbers:5/39 Direct Friday:draw#161
2024-10-05,1,13,20,21,27,NLA official winning-numbers:5/39 Direct Saturday:draw#162
2024-10-06,4,12,14,20,28,external verified LotteryTexts Daywa 5/39 full history:https://lotterytexts.com/ghana/daywa-5-39/past-results/:ghana_local_date=2024-10-06
2024-10-07,8,12,22,28,37,NLA official winning-numbers:5/39 Direct Monday:draw#426
2024-10-08,2,5,12,25,38,NLA official winning-numbers:5/39 Direct Tuesday:draw#162
2024-10-09,2,18,21,26,27,NLA official winning-numbers:5/39 Direct Wednesday:draw#165
2024-10-10,6,7,17,23,28,NLA official winning-numbers:5/39 Direct Thursday:draw#165
2024-10-11,7,18,28,35,36,NLA official winning-numbers:5/39 Direct Friday:draw#162
2024-10-12,9,24,29,38,39,NLA official winning-numbers:5/39 Direct Saturday:draw#163
2024-10-13,5,18,29,33,36,external verified LotteryTexts Daywa 5/39 full history:https://lotterytexts.com/ghana/daywa-5-39/past-results/:ghana_local_date=2024-10-13
2024-10-14,8,10,21,33,39,NLA official winning-numbers:5/39 Direct Monday:draw#427
2024-10-15,4,21,23,29,38,NLA official winning-numbers:5/39 Direct Tuesday:draw#163
2024-10-16,4,6,9,21,22,NLA official winning-numbers:5/39 Direct Wednesday:draw#166
2024-10-17,3,14,15,19,34,NLA official winning-numbers:5/39 Direct Thursday:draw#166
2024-10-18,1,8,13,29,33,NLA official winning-numbers:5/39 Direct Friday:draw#163
2024-10-19,4,25,33,34,37,NLA official winning-numbers:5/39 Direct Saturday:draw#164
2024-10-20,2,7,8,9,24,external verified LotteryTexts Daywa 5/39 full history:https://lotterytexts.com/ghana/daywa-5-39/past-results/:ghana_local_date=2024-10-20
2024-10-21,11,21,27,29,32,NLA official winning-numbers:5/39 Direct Monday:draw#428
2024-10-22,6,9,14,18,37,NLA official winning-numbers:5/39 Direct Tuesday:draw#164
2024-10-23,12,18,28,34,36,NLA official winning-numbers:5/39 Direct Wednesday:draw#167
2024-10-24,4,11,25,26,29,NLA official winning-numbers:5/39 Direct Thursday:draw#167
2024-10-25,1,18,20,25,28,NLA official winning-numbers:5/39 Direct Friday:draw#164
2024-10-26,24,25,26,28,36,NLA official winning-numbers:5/39 Direct Saturday:draw#165
2024-10-27,25,26,27,30,39,external verified LotteryTexts Daywa 5/39 full history:https://lotterytexts.com/ghana/daywa-5-39/past-results/:ghana_local_date=2024-10-27
2024-10-28,6,23,27,30,36,NLA official winning-numbers:5/39 Direct Monday:draw#429
2024-10-29,2,8,19,28,30,NLA official winning-numbers:5/39 Direct Tuesday:draw#165
2024-10-30,5,7,11,32,36,NLA official winning-numbers:5/39 Direct Wednesday:draw#168
2024-10-31,9,16,29,31,38,NLA official winning-numbers:5/39 Direct Thursday:draw#168
2024-11-01,1,12,23,29,34,NLA official winning-numbers:5/39 Direct Friday:draw#165
2024-11-02,7,14,21,24,35,NLA official winning-numbers:5/39 Direct Saturday:draw#166
2024-11-03,3,27,28,38,39,external verified LotteryTexts Daywa 5/39 full history:https://lotterytexts.com/ghana/daywa-5-39/past-results/:ghana_local_date=2024-11-03
2024-11-04,14,21,23,31,32,NLA official winning-numbers:5/39 Direct Monday:draw#430
2024-11-05,9,13,18,28,39,NLA official winning-numbers:5/39 Direct Tuesday:draw#166
2024-11-06,13,17,20,25,30,NLA official winning-numbers:5/39 Direct Wednesday:draw#169
2024-11-07,3,15,19,23,36,NLA official winning-numbers:5/39 Direct Thursday:draw#169
2024-11-08,9,31,33,36,39,NLA official winning-numbers:5/39 Direct Friday:draw#166
2024-11-09,3,22,29,34,38,NLA official winning-numbers:5/39 Direct Saturday:draw#167
2024-11-10,5,12,16,26,39,external verified LotteryTexts Daywa 5/39 full history:https://lotterytexts.com/ghana/daywa-5-39/past-results/:ghana_local_date=2024-11-10
2024-11-11,6,13,19,21,36,NLA official winning-numbers:5/39 Direct Monday:draw#431
2024-11-12,5,10,15,22,32,NLA official winning-numbers:5/39 Direct Tuesday:draw#167
2024-11-13,2,3,23,26,34,NLA official winning-numbers:5/39 Direct Wednesday:draw#170
2024-11-14,8,12,22,24,33,NLA official winning-numbers:5/39 Direct Thursday:draw#170
2024-11-15,2,8,18,21,31,NLA official winning-numbers:5/39 Direct Friday:draw#167
2024-11-16,11,14,24,25,27,NLA official winning-numbers:5/39 Direct Saturday:draw#168
2024-11-17,12,14,19,25,32,external verified LotteryTexts Daywa 5/39 full history:https://lotterytexts.com/ghana/daywa-5-39/past-results/:ghana_local_date=2024-11-17
2024-11-18,3,19,23,30,35,NLA official winning-numbers:5/39 Direct Monday:draw#432
2024-11-19,7,10,13,34,36,NLA official winning-numbers:5/39 Direct Tuesday:draw#168
2024-11-20,2,5,8,26,37,NLA official winning-numbers:5/39 Direct Wednesday:draw#171
2024-11-21,6,9,17,20,34,NLA official winning-numbers:5/39 Direct Thursday:draw#171
2024-11-22,5,15,17,29,33,NLA official winning-numbers:5/39 Direct Friday:draw#168
2024-11-23,2,9,25,28,35,NLA official winning-numbers:5/39 Direct Saturday:draw#169
2024-11-24,1,9,11,19,28,external verified LotteryTexts Daywa 5/39 full history:https://lotterytexts.com/ghana/daywa-5-39/past-results/:ghana_local_date=2024-11-24
2024-11-25,10,13,19,20,26,NLA official winning-numbers:5/39 Direct Monday:draw#433
2024-11-26,7,13,14,32,37,NLA official winning-numbers:5/39 Direct Tuesday:draw#169
2024-11-27,6,17,19,29,38,NLA official winning-numbers:5/39 Direct Wednesday:draw#172
2024-11-28,5,12,13,33,34,NLA official winning-numbers:5/39 Direct Thursday:draw#172
2024-11-29,1,8,15,35,36,NLA official winning-numbers:5/39 Direct Friday:draw#169
2024-11-30,3,10,11,19,25,NLA official winning-numbers:5/39 Direct Saturday:draw#170
2024-12-01,7,21,26,32,37,external verified LotteryTexts Daywa 5/39 full history:https://lotterytexts.com/ghana/daywa-5-39/past-results/:ghana_local_date=2024-12-01
2024-12-02,4,17,25,27,35,NLA official winning-numbers:5/39 Direct Monday:draw#434
2024-12-03,6,17,24,30,32,NLA official winning-numbers:5/39 Direct Tuesday:draw#170
2024-12-04,5,19,21,32,39,NLA official winning-numbers:5/39 Direct Wednesday:draw#173
2024-12-05,2,7,16,17,35,NLA official winning-numbers:5/39 Direct Thursday:draw#173
2024-12-06,8,9,18,25,35,NLA official winning-numbers:5/39 Direct Friday:draw#170
2024-12-07,4,9,11,23,30,NLA official winning-numbers:5/39 Direct Saturday:draw#171
2024-12-08,2,3,27,28,29,external verified LotteryTexts Daywa 5/39 full history:https://lotterytexts.com/ghana/daywa-5-39/past-results/:ghana_local_date=2024-12-08
2024-12-09,2,10,19,30,36,NLA official winning-numbers:5/39 Direct Monday:draw#435
2024-12-10,24,27,28,29,32,NLA official winning-numbers:5/39 Direct Tuesday:draw#171
2024-12-11,2,12,16,37,38,NLA official winning-numbers:5/39 Direct Wednesday:draw#174
2024-12-12,1,4,11,23,26,NLA official winning-numbers:5/39 Direct Thursday:draw#174
2024-12-13,5,26,28,33,38,NLA official winning-numbers:5/39 Direct Friday:draw#171
2024-12-14,2,13,18,28,35,NLA official winning-numbers:5/39 Direct Saturday:draw#172
2024-12-15,1,16,19,34,38,external verified LotteryTexts Daywa 5/39 full history:https://lotterytexts.com/ghana/daywa-5-39/past-results/:ghana_local_date=2024-12-15
2024-12-16,8,9,15,31,35,NLA official winning-numbers:5/39 Direct Monday:draw#436
2024-12-17,6,11,12,17,33,NLA official winning-numbers:5/39 Direct Tuesday:draw#172
2024-12-18,3,10,20,26,35,NLA official winning-numbers:5/39 Direct Wednesday:draw#175
2024-12-19,2,4,13,15,36,NLA official winning-numbers:5/39 Direct Thursday:draw#175
2024-12-20,1,10,14,20,30,NLA official winning-numbers:5/39 Direct Friday:draw#172
2024-12-21,6,7,20,26,38,NLA official winning-numbers:5/39 Direct Saturday:draw#173
2024-12-22,2,21,26,27,32,external verified LotteryTexts Daywa 5/39 full history:https://lotterytexts.com/ghana/daywa-5-39/past-results/:ghana_local_date=2024-12-22
2024-12-23,2,8,29,35,39,NLA official winning-numbers:5/39 Direct Monday:draw#437
2024-12-24,10,12,22,23,29,NLA official winning-numbers:5/39 Direct Tuesday:draw#173
2024-12-26,1,9,11,12,32,NLA official winning-numbers:5/39 Direct Thursday:draw#176
2024-12-27,18,19,21,31,33,NLA official winning-numbers:5/39 Direct Friday:draw#173
2024-12-28,6,15,25,31,36,NLA official winning-numbers:5/39 Direct Saturday:draw#174
2024-12-29,4,12,27,33,34,external verified LotteryTexts Daywa 5/39 full history:https://lotterytexts.com/ghana/daywa-5-39/past-results/:ghana_local_date=2024-12-29
2024-12-30,12,16,17,19,25,NLA official winning-numbers:5/39 Direct Monday:draw#438
2024-12-31,6,14,23,25,33,NLA official winning-numbers:5/39 Direct Tuesday:draw#174
2025-01-01,3,13,19,29,31,NLA official winning-numbers:5/39 Direct Wednesday:draw#176
2025-01-02,1,21,30,36,39,NLA official winning-numbers:5/39 Direct Thursday:draw#177
2025-01-03,4,15,27,28,29,NLA official winning-numbers:5/39 Direct Friday:draw#174
2025-01-04,8,13,27,31,32,NLA official winning-numbers:5/39 Direct Saturday:draw#175
2025-01-05,1,11,13,34,37,external verified LotteryTexts Daywa 5/39 full history:https://lotterytexts.com/ghana/daywa-5-39/past-results/:ghana_local_date=2025-01-05
2025-01-06,22,30,34,36,38,NLA official winning-numbers:5/39 Direct Monday:draw#439
2025-01-07,9,14,16,22,26,NLA official winning-numbers:5/39 Direct Tuesday:draw#175
2025-01-08,5,10,12,29,30,NLA official winning-numbers:5/39 Direct Wednesday:draw#177
2025-01-09,4,11,17,21,22,NLA official winning-numbers:5/39 Direct Thursday:draw#178
2025-01-10,11,17,20,25,39,NLA official winning-numbers:5/39 Direct Friday:draw#175
2025-01-11,3,13,15,29,39,NLA official winning-numbers:5/39 Direct Saturday:draw#176
2025-01-12,5,9,14,16,20,external verified LotteryTexts Daywa 5/39 full history:https://lotterytexts.com/ghana/daywa-5-39/past-results/:ghana_local_date=2025-01-12
2025-01-13,2,15,18,33,37,NLA official winning-numbers:5/39 Direct Monday:draw#440
2025-01-14,14,19,26,28,37,NLA official winning-numbers:5/39 Direct Tuesday:draw#176
2025-01-15,6,12,14,30,36,NLA official winning-numbers:5/39 Direct Wednesday:draw#178
2025-01-16,5,6,21,25,38,NLA official winning-numbers:5/39 Direct Thursday:draw#179
2025-01-17,6,7,21,26,38,NLA official winning-numbers:5/39 Direct Friday:draw#176
2025-01-18,4,9,26,34,39,NLA official winning-numbers:5/39 Direct Saturday:draw#177
2025-01-19,8,10,16,19,33,external verified LotteryTexts Daywa 5/39 full history:https://lotterytexts.com/ghana/daywa-5-39/past-results/:ghana_local_date=2025-01-19
2025-01-20,1,27,29,30,36,NLA official winning-numbers:5/39 Direct Monday:draw#441
2025-01-21,5,14,21,23,27,NLA official winning-numbers:5/39 Direct Tuesday:draw#177
2025-01-22,1,2,5,14,37,NLA official winning-numbers:5/39 Direct Wednesday:draw#179
2025-01-23,6,11,12,20,25,NLA official winning-numbers:5/39 Direct Thursday:draw#180
2025-01-24,2,3,14,27,36,NLA official winning-numbers:5/39 Direct Friday:draw#177
2025-01-25,8,9,22,36,38,NLA official winning-numbers:5/39 Direct Saturday:draw#178
2025-01-26,4,10,12,15,37,external verified LotteryTexts Daywa 5/39 full history:https://lotterytexts.com/ghana/daywa-5-39/past-results/:ghana_local_date=2025-01-26
2025-01-27,11,19,22,30,31,NLA official winning-numbers:5/39 Direct Monday:draw#442
2025-01-28,3,7,13,17,21,NLA official winning-numbers:5/39 Direct Tuesday:draw#178
2025-01-29,5,12,33,35,38,NLA official winning-numbers:5/39 Direct Wednesday:draw#180
2025-01-30,13,15,16,33,34,NLA official winning-numbers:5/39 Direct Thursday:draw#181
2025-01-31,24,25,27,30,32,NLA official winning-numbers:5/39 Direct Friday:draw#178
2025-02-01,9,10,12,25,27,NLA official winning-numbers:5/39 Direct Saturday:draw#179
2025-02-02,4,6,15,24,35,external verified LotteryTexts Daywa 5/39 full history:https://lotterytexts.com/ghana/daywa-5-39/past-results/:ghana_local_date=2025-02-02
2025-02-03,10,17,21,22,35,NLA official winning-numbers:5/39 Direct Monday:draw#443
2025-02-04,13,18,27,33,37,NLA official winning-numbers:5/39 Direct Tuesday:draw#179
2025-02-05,7,10,30,32,35,NLA official winning-numbers:5/39 Direct Wednesday:draw#181
2025-02-06,4,6,8,17,37,NLA official winning-numbers:5/39 Direct Thursday:draw#182
2025-02-07,4,9,12,26,29,NLA official winning-numbers:5/39 Direct Friday:draw#179
2025-02-08,1,8,22,36,39,NLA official winning-numbers:5/39 Direct Saturday:draw#180
2025-02-09,1,12,16,28,30,external verified LotteryTexts Daywa 5/39 full history:https://lotterytexts.com/ghana/daywa-5-39/past-results/:ghana_local_date=2025-02-09
2025-02-10,15,18,28,34,38,NLA official winning-numbers:5/39 Direct Monday:draw#444
2025-02-11,7,12,16,32,38,NLA official winning-numbers:5/39 Direct Tuesday:draw#180
2025-02-12,3,16,18,23,26,NLA official winning-numbers:5/39 Direct Wednesday:draw#182
2025-02-13,2,9,10,31,37,NLA official winning-numbers:5/39 Direct Thursday:draw#183
2025-02-14,5,12,18,31,33,NLA official winning-numbers:5/39 Direct Friday:draw#180
2025-02-15,2,4,15,22,25,NLA official winning-numbers:5/39 Direct Saturday:draw#181
2025-02-16,2,6,15,16,18,external verified LotteryTexts Daywa 5/39 full history:https://lotterytexts.com/ghana/daywa-5-39/past-results/:ghana_local_date=2025-02-16
2025-02-17,13,35,37,38,39,NLA official winning-numbers:5/39 Direct Monday:draw#445
2025-02-18,19,30,35,36,39,NLA official winning-numbers:5/39 Direct Tuesday:draw#181
2025-02-19,1,13,26,30,36,NLA official winning-numbers:5/39 Direct Wednesday:draw#183
2025-02-20,1,4,15,33,37,NLA official winning-numbers:5/39 Direct Thursday:draw#184
2025-02-21,2,6,18,32,36,NLA official winning-numbers:5/39 Direct Friday:draw#181
2025-02-22,9,14,26,32,35,NLA official winning-numbers:5/39 Direct Saturday:draw#182
2025-02-23,1,4,26,28,34,external verified LotteryTexts Daywa 5/39 full history:https://lotterytexts.com/ghana/daywa-5-39/past-results/:ghana_local_date=2025-02-23
2025-02-24,3,8,18,26,34,NLA official winning-numbers:5/39 Direct Monday:draw#446
2025-02-25,2,4,5,34,36,NLA official winning-numbers:5/39 Direct Tuesday:draw#182
2025-02-26,7,18,36,37,38,NLA official winning-numbers:5/39 Direct Wednesday:draw#184
2025-02-27,5,15,30,34,38,NLA official winning-numbers:5/39 Direct Thursday:draw#185
2025-02-28,15,19,21,28,30,NLA official winning-numbers:5/39 Direct Friday:draw#182
2025-03-01,13,21,24,25,38,NLA official winning-numbers:5/39 Direct Saturday:draw#183
2025-03-02,1,5,10,13,14,external verified LotteryTexts Daywa 5/39 full history:https://lotterytexts.com/ghana/daywa-5-39/past-results/:ghana_local_date=2025-03-02
2025-03-03,1,10,12,27,34,NLA official winning-numbers:5/39 Direct Monday:draw#447
2025-03-04,14,18,29,30,39,NLA official winning-numbers:5/39 Direct Tuesday:draw#183
2025-03-05,4,24,26,33,39,NLA official winning-numbers:5/39 Direct Wednesday:draw#185
2025-03-06,3,18,22,29,36,NLA official winning-numbers:5/39 Direct Thursday:draw#186
2025-03-07,1,2,6,7,14,NLA official winning-numbers:5/39 Direct Friday:draw#183
2025-03-08,9,10,14,17,32,NLA official winning-numbers:5/39 Direct Saturday:draw#184
2025-03-09,10,21,25,26,35,external verified LotteryTexts Daywa 5/39 full history:https://lotterytexts.com/ghana/daywa-5-39/past-results/:ghana_local_date=2025-03-09
2025-03-10,14,23,25,29,30,NLA official winning-numbers:5/39 Direct Monday:draw#448
2025-03-11,3,6,12,27,29,NLA official winning-numbers:5/39 Direct Tuesday:draw#184
2025-03-12,12,13,15,17,19,NLA official winning-numbers:5/39 Direct Wednesday:draw#186
2025-03-13,11,25,28,32,38,NLA official winning-numbers:5/39 Direct Thursday:draw#187
2025-03-14,4,13,15,23,26,NLA official winning-numbers:5/39 Direct Friday:draw#184
2025-03-15,29,34,35,38,39,NLA official winning-numbers:5/39 Direct Saturday:draw#185
2025-03-16,4,6,10,23,29,external verified LotteryTexts Daywa 5/39 full history:https://lotterytexts.com/ghana/daywa-5-39/past-results/:ghana_local_date=2025-03-16
2025-03-17,9,12,15,29,36,NLA official winning-numbers:5/39 Direct Monday:draw#449
2025-03-18,21,23,34,36,39,NLA official winning-numbers:5/39 Direct Tuesday:draw#185
2025-03-19,10,13,22,28,30,NLA official winning-numbers:5/39 Direct Wednesday:draw#187
2025-03-20,3,6,18,19,34,NLA official winning-numbers:5/39 Direct Thursday:draw#188
2025-03-21,2,10,22,25,28,NLA official winning-numbers:5/39 Direct Friday:draw#185
2025-03-22,11,12,20,30,31,NLA official winning-numbers:5/39 Direct Saturday:draw#186
2025-03-23,3,18,19,21,37,external verified LotteryTexts Daywa 5/39 full history:https://lotterytexts.com/ghana/daywa-5-39/past-results/:ghana_local_date=2025-03-23
2025-03-24,4,6,12,20,25,NLA official winning-numbers:5/39 Direct Monday:draw#450
2025-03-25,10,23,34,35,38,NLA official winning-numbers:5/39 Direct Tuesday:draw#186
2025-03-26,4,8,17,20,31,NLA official winning-numbers:5/39 Direct Wednesday:draw#188
2025-03-27,2,9,13,26,32,NLA official winning-numbers:5/39 Direct Thursday:draw#189
2025-03-28,1,8,22,27,37,NLA official winning-numbers:5/39 Direct Friday:draw#186
2025-03-29,13,18,19,22,29,NLA official winning-numbers:5/39 Direct Saturday:draw#187
2025-03-30,7,15,17,21,27,external verified LotteryTexts Daywa 5/39 full history:https://lotterytexts.com/ghana/daywa-5-39/past-results/:ghana_local_date=2025-03-30
2025-03-31,11,19,25,31,35,NLA official winning-numbers:5/39 Direct Monday:draw#451
2025-04-01,17,23,29,31,35,NLA official winning-numbers:5/39 Direct Tuesday:draw#187
2025-04-02,9,10,26,34,39,NLA official winning-numbers:5/39 Direct Wednesday:draw#189
2025-04-03,4,11,18,19,25,NLA official winning-numbers:5/39 Direct Thursday:draw#190
2025-04-04,13,24,29,35,38,NLA official winning-numbers:5/39 Direct Friday:draw#187
2025-04-05,14,15,21,27,38,NLA official winning-numbers:5/39 Direct Saturday:draw#188
2025-04-06,7,8,18,33,35,external verified LotteryTexts Daywa 5/39 full history:https://lotterytexts.com/ghana/daywa-5-39/past-results/:ghana_local_date=2025-04-06
2025-04-07,7,18,20,23,36,NLA official winning-numbers:5/39 Direct Monday:draw#452
2025-04-08,7,22,23,34,36,NLA official winning-numbers:5/39 Direct Tuesday:draw#188
2025-04-09,4,5,16,28,32,NLA official winning-numbers:5/39 Direct Wednesday:draw#190
2025-04-10,10,12,15,28,34,NLA official winning-numbers:5/39 Direct Thursday:draw#191
2025-04-11,6,10,14,29,36,NLA official winning-numbers:5/39 Direct Friday:draw#188
2025-04-12,7,10,14,19,31,NLA official winning-numbers:5/39 Direct Saturday:draw#189
2025-04-13,1,15,30,33,37,external verified LotteryTexts Daywa 5/39 full history:https://lotterytexts.com/ghana/daywa-5-39/past-results/:ghana_local_date=2025-04-13
2025-04-14,12,22,25,31,38,NLA official winning-numbers:5/39 Direct Monday:draw#453
2025-04-15,2,3,4,5,26,NLA official winning-numbers:5/39 Direct Tuesday:draw#189
2025-04-16,2,7,22,23,28,NLA official winning-numbers:5/39 Direct Wednesday:draw#191
2025-04-17,20,23,29,37,39,NLA official winning-numbers:5/39 Direct Thursday:draw#192
2025-04-18,16,19,33,34,37,NLA official winning-numbers:5/39 Direct Friday:draw#189
2025-04-19,1,18,21,25,29,NLA official winning-numbers:5/39 Direct Saturday:draw#190
2025-04-20,10,14,15,20,32,external verified LotteryTexts Daywa 5/39 full history:https://lotterytexts.com/ghana/daywa-5-39/past-results/:ghana_local_date=2025-04-20
2025-04-21,3,7,23,30,34,NLA official winning-numbers:5/39 Direct Monday:draw#454
2025-04-22,14,16,29,30,34,NLA official winning-numbers:5/39 Direct Tuesday:draw#190
2025-04-23,1,6,11,34,37,NLA official winning-numbers:5/39 Direct Wednesday:draw#192
2025-04-24,7,8,18,24,25,NLA official winning-numbers:5/39 Direct Thursday:draw#193
2025-04-25,4,5,8,14,25,NLA official winning-numbers:5/39 Direct Friday:draw#190
2025-04-26,4,5,11,19,31,NLA official winning-numbers:5/39 Direct Saturday:draw#191
2025-04-27,3,5,16,17,25,external verified LotteryTexts Daywa 5/39 full history:https://lotterytexts.com/ghana/daywa-5-39/past-results/:ghana_local_date=2025-04-27
2025-04-28,2,13,28,30,35,NLA official winning-numbers:5/39 Direct Monday:draw#455
2025-04-29,6,15,16,34,38,NLA official winning-numbers:5/39 Direct Tuesday:draw#191
2025-04-30,9,20,28,30,36,NLA official winning-numbers:5/39 Direct Wednesday:draw#193
2025-05-01,9,13,14,17,26,NLA official winning-numbers:5/39 Direct Thursday:draw#194
2025-05-02,3,16,17,25,32,NLA official winning-numbers:5/39 Direct Friday:draw#191
2025-05-03,11,27,31,36,37,NLA official winning-numbers:5/39 Direct Saturday:draw#192
2025-05-04,7,13,17,34,36,external verified LotteryTexts Daywa 5/39 full history:https://lotterytexts.com/ghana/daywa-5-39/past-results/:ghana_local_date=2025-05-04
2025-05-05,7,13,18,28,35,NLA official winning-numbers:5/39 Direct Monday:draw#456
2025-05-06,6,13,20,24,29,NLA official winning-numbers:5/39 Direct Tuesday:draw#192
2025-05-07,1,10,13,20,28,NLA official winning-numbers:5/39 Direct Wednesday:draw#194
2025-05-08,2,8,18,21,28,NLA official winning-numbers:5/39 Direct Thursday:draw#195
2025-05-09,8,9,10,20,26,NLA official winning-numbers:5/39 Direct Friday:draw#192
2025-05-10,4,13,18,27,33,NLA official winning-numbers:5/39 Direct Saturday:draw#193
2025-05-11,18,20,28,32,39,external verified LotteryTexts Daywa 5/39 full history:https://lotterytexts.com/ghana/daywa-5-39/past-results/:ghana_local_date=2025-05-11
2025-05-12,1,2,3,29,37,NLA official winning-numbers:5/39 Direct Monday:draw#457
2025-05-13,7,24,27,28,35,NLA official winning-numbers:5/39 Direct Tuesday:draw#193
2025-05-14,4,6,13,15,33,NLA official winning-numbers:5/39 Direct Wednesday:draw#195
2025-05-15,1,23,27,32,37,NLA official winning-numbers:5/39 Direct Thursday:draw#196
2025-05-16,17,21,31,37,38,NLA official winning-numbers:5/39 Direct Friday:draw#193
2025-05-17,9,16,19,20,23,NLA official winning-numbers:5/39 Direct Saturday:draw#194
2025-05-18,3,5,10,19,24,external verified LotteryTexts Daywa 5/39 full history:https://lotterytexts.com/ghana/daywa-5-39/past-results/:ghana_local_date=2025-05-18
2025-05-19,11,15,16,24,38,NLA official winning-numbers:5/39 Direct Monday:draw#458
2025-05-20,7,23,24,31,38,NLA official winning-numbers:5/39 Direct Tuesday:draw#194
2025-05-21,2,30,32,36,37,NLA official winning-numbers:5/39 Direct Wednesday:draw#196
2025-05-22,11,12,19,21,36,NLA official winning-numbers:5/39 Direct Thursday:draw#197
2025-05-23,13,27,29,31,34,NLA official winning-numbers:5/39 Direct Friday:draw#194
2025-05-24,6,9,13,26,28,NLA official winning-numbers:5/39 Direct Saturday:draw#195
2025-05-25,2,7,17,29,30,external verified LotteryTexts Daywa 5/39 full history:https://lotterytexts.com/ghana/daywa-5-39/past-results/:ghana_local_date=2025-05-25
2025-05-26,12,25,27,29,36,NLA official winning-numbers:5/39 Direct Monday:draw#459
2025-05-27,1,2,6,20,26,NLA official winning-numbers:5/39 Direct Tuesday:draw#195
2025-05-28,5,6,16,20,24,NLA official winning-numbers:5/39 Direct Wednesday:draw#197
2025-05-29,3,7,10,15,32,NLA official winning-numbers:5/39 Direct Thursday:draw#198
2025-05-30,14,17,27,30,34,NLA official winning-numbers:5/39 Direct Friday:draw#195
2025-05-31,24,27,29,31,32,NLA official winning-numbers:5/39 Direct Saturday:draw#196
2025-06-01,1,8,12,16,17,external verified LotteryTexts Daywa 5/39 full history:https://lotterytexts.com/ghana/daywa-5-39/past-results/:ghana_local_date=2025-06-01
2025-06-02,6,12,13,17,27,NLA official winning-numbers:5/39 Direct Monday:draw#460
2025-06-03,4,8,26,36,39,NLA official winning-numbers:5/39 Direct Tuesday:draw#196
2025-06-04,1,3,7,18,31,NLA official winning-numbers:5/39 Direct Wednesday:draw#198
2025-06-05,1,11,23,24,28,NLA official winning-numbers:5/39 Direct Thursday:draw#199
2025-06-06,5,6,8,22,27,NLA official winning-numbers:5/39 Direct Friday:draw#196
2025-06-07,8,16,24,27,34,NLA official winning-numbers:5/39 Direct Saturday:draw#197
2025-06-08,17,24,26,34,38,external verified LotteryTexts Daywa 5/39 full history:https://lotterytexts.com/ghana/daywa-5-39/past-results/:ghana_local_date=2025-06-08
2025-06-09,6,12,13,17,27,external verified LotteryTexts Daywa 5/39 full history:https://lotterytexts.com/ghana/daywa-5-39/past-results/:ghana_local_date=2025-06-09
2025-06-10,1,28,30,31,38,NLA official winning-numbers:5/39 Direct Tuesday:draw#197
2025-06-11,6,29,33,35,39,NLA official winning-numbers:5/39 Direct Wednesday:draw#199
2025-06-12,5,10,12,26,32,NLA official winning-numbers:5/39 Direct Thursday:draw#200
2025-06-13,5,6,8,22,27,external verified LotteryTexts Daywa 5/39 full history:https://lotterytexts.com/ghana/daywa-5-39/past-results/:ghana_local_date=2025-06-13
2025-06-14,9,10,14,15,18,NLA official winning-numbers:5/39 Direct Saturday:draw#198
2025-06-15,2,18,26,37,38,external verified LotteryTexts Daywa 5/39 full history:https://lotterytexts.com/ghana/daywa-5-39/past-results/:ghana_local_date=2025-06-15
2025-06-16,3,10,17,18,29,NLA official winning-numbers:5/39 Direct Monday:draw#461
2025-06-17,4,14,18,25,37,NLA official winning-numbers:5/39 Direct Tuesday:draw#198
2025-06-18,11,13,15,18,32,NLA official winning-numbers:5/39 Direct Wednesday:draw#200
2025-06-19,5,6,11,13,34,NLA official winning-numbers:5/39 Direct Thursday:draw#201
2025-06-20,2,18,24,31,33,NLA official winning-numbers:5/39 Direct Friday:draw#197
2025-06-21,5,12,13,31,33,NLA official winning-numbers:5/39 Direct Saturday:draw#199
2025-06-22,1,15,16,28,35,external verified LotteryTexts Daywa 5/39 full history:https://lotterytexts.com/ghana/daywa-5-39/past-results/:ghana_local_date=2025-06-22
2025-06-23,2,7,11,31,39,NLA official winning-numbers:5/39 Direct Monday:draw#462
2025-06-24,5,9,17,19,23,NLA official winning-numbers:5/39 Direct Tuesday:draw#199
2025-06-25,8,18,24,27,39,NLA official winning-numbers:5/39 Direct Wednesday:draw#201
2025-06-26,10,26,30,31,38,NLA official winning-numbers:5/39 Direct Thursday:draw#202
2025-06-27,6,13,19,25,31,NLA official winning-numbers:5/39 Direct Friday:draw#198
2025-06-28,1,4,5,9,20,NLA official winning-numbers:5/39 Direct Saturday:draw#200
2025-06-29,11,21,27,29,38,external verified LotteryTexts Daywa 5/39 full history:https://lotterytexts.com/ghana/daywa-5-39/past-results/:ghana_local_date=2025-06-29
2025-06-30,3,7,18,27,33,NLA official winning-numbers:5/39 Direct Monday:draw#463
2025-07-01,6,15,17,34,35,NLA official winning-numbers:5/39 Direct Tuesday:draw#200
2025-07-02,3,18,20,29,35,NLA official winning-numbers:5/39 Direct Wednesday:draw#202
2025-07-03,4,11,23,30,35,NLA official winning-numbers:5/39 Direct Thursday:draw#203
2025-07-04,5,18,20,31,37,NLA official winning-numbers:5/39 Direct Friday:draw#199
2025-07-05,14,17,23,29,34,NLA official winning-numbers:5/39 Direct Saturday:draw#201
2025-07-06,5,19,27,37,38,external verified LotteryTexts Daywa 5/39 full history:https://lotterytexts.com/ghana/daywa-5-39/past-results/:ghana_local_date=2025-07-06
2025-07-07,10,21,27,28,32,NLA official winning-numbers:5/39 Direct Monday:draw#464
2025-07-08,5,18,20,27,39,NLA official winning-numbers:5/39 Direct Tuesday:draw#201
2025-07-09,3,8,15,17,30,NLA official winning-numbers:5/39 Direct Wednesday:draw#203
2025-07-10,5,19,20,25,35,NLA official winning-numbers:5/39 Direct Thursday:draw#204
2025-07-11,2,3,12,17,26,NLA official winning-numbers:5/39 Direct Friday:draw#200
2025-07-12,6,21,31,35,39,NLA official winning-numbers:5/39 Direct Saturday:draw#202
2025-07-13,3,13,22,24,27,external verified LotteryTexts Daywa 5/39 full history:https://lotterytexts.com/ghana/daywa-5-39/past-results/:ghana_local_date=2025-07-13
2025-07-14,6,7,12,30,32,NLA official winning-numbers:5/39 Direct Monday:draw#465
2025-07-15,8,20,27,34,37,NLA official winning-numbers:5/39 Direct Tuesday:draw#202
2025-07-16,4,7,10,17,36,NLA official winning-numbers:5/39 Direct Wednesday:draw#204
2025-07-17,8,16,25,30,39,NLA official winning-numbers:5/39 Direct Thursday:draw#205
2025-07-18,11,32,35,36,38,NLA official winning-numbers:5/39 Direct Friday:draw#201
2025-07-19,6,13,22,35,36,NLA official winning-numbers:5/39 Direct Saturday:draw#203
2025-07-20,15,27,31,38,39,external verified LotteryTexts Daywa 5/39 full history:https://lotterytexts.com/ghana/daywa-5-39/past-results/:ghana_local_date=2025-07-20
2025-07-21,3,5,19,30,35,NLA official winning-numbers:5/39 Direct Monday:draw#466
2025-07-22,2,8,9,29,33,NLA official winning-numbers:5/39 Direct Tuesday:draw#203
2025-07-23,10,21,22,33,39,NLA official winning-numbers:5/39 Direct Wednesday:draw#205
2025-07-24,14,21,26,32,38,NLA official winning-numbers:5/39 Direct Thursday:draw#206
2025-07-25,5,9,21,24,39,NLA official winning-numbers:5/39 Direct Friday:draw#202
2025-07-26,3,5,7,13,27,NLA official winning-numbers:5/39 Direct Saturday:draw#204
2025-07-27,3,10,24,31,39,external verified LotteryTexts Daywa 5/39 full history:https://lotterytexts.com/ghana/daywa-5-39/past-results/:ghana_local_date=2025-07-27
2025-07-28,2,4,10,14,23,NLA official winning-numbers:5/39 Direct Monday:draw#467
2025-07-29,6,13,15,23,37,NLA official winning-numbers:5/39 Direct Tuesday:draw#204
2025-07-30,11,12,14,23,31,NLA official winning-numbers:5/39 Direct Wednesday:draw#206
2025-07-31,11,13,24,33,37,NLA official winning-numbers:5/39 Direct Thursday:draw#207
2025-08-01,3,4,17,21,37,NLA official winning-numbers:5/39 Direct Friday:draw#203
2025-08-02,9,22,25,29,31,NLA official winning-numbers:5/39 Direct Saturday:draw#205
2025-08-03,7,18,20,27,38,external verified LotteryTexts Daywa 5/39 full history:https://lotterytexts.com/ghana/daywa-5-39/past-results/:ghana_local_date=2025-08-03
2025-08-04,2,9,17,33,37,NLA official winning-numbers:5/39 Direct Monday:draw#468
2025-08-05,19,22,23,25,28,NLA official winning-numbers:5/39 Direct Tuesday:draw#205
2025-08-06,13,16,34,36,37,NLA official winning-numbers:5/39 Direct Wednesday:draw#207
2025-08-07,5,14,21,24,25,NLA official winning-numbers:5/39 Direct Thursday:draw#208
2025-08-08,6,9,11,21,32,NLA official winning-numbers:5/39 Direct Friday:draw#204
2025-08-09,4,9,16,22,27,NLA official winning-numbers:5/39 Direct Saturday:draw#206
2025-08-10,2,6,9,28,31,external verified LotteryTexts Daywa 5/39 full history:https://lotterytexts.com/ghana/daywa-5-39/past-results/:ghana_local_date=2025-08-10
2025-08-11,12,15,25,32,33,NLA official winning-numbers:5/39 Direct Monday:draw#469
2025-08-12,3,4,5,19,33,NLA official winning-numbers:5/39 Direct Tuesday:draw#206
2025-08-13,3,18,22,25,32,NLA official winning-numbers:5/39 Direct Wednesday:draw#208
2025-08-14,3,14,23,29,37,NLA official winning-numbers:5/39 Direct Thursday:draw#209
2025-08-15,1,9,12,20,38,NLA official winning-numbers:5/39 Direct Friday:draw#205
2025-08-16,11,19,20,21,26,NLA official winning-numbers:5/39 Direct Saturday:draw#207
2025-08-17,2,14,19,29,30,external verified LotteryTexts Daywa 5/39 full history:https://lotterytexts.com/ghana/daywa-5-39/past-results/:ghana_local_date=2025-08-17
2025-08-18,1,14,17,24,38,NLA official winning-numbers:5/39 Direct Monday:draw#470
2025-08-19,2,5,6,23,38,NLA official winning-numbers:5/39 Direct Tuesday:draw#207
2025-08-20,6,22,25,28,31,NLA official winning-numbers:5/39 Direct Wednesday:draw#209
2025-08-21,3,10,23,30,37,NLA official winning-numbers:5/39 Direct Thursday:draw#210
2025-08-22,10,11,13,16,31,NLA official winning-numbers:5/39 Direct Friday:draw#206
2025-08-23,4,19,24,32,36,NLA official winning-numbers:5/39 Direct Saturday:draw#208
2025-08-24,5,16,19,20,24,external verified LotteryTexts Daywa 5/39 full history:https://lotterytexts.com/ghana/daywa-5-39/past-results/:ghana_local_date=2025-08-24
2025-08-25,3,15,25,29,32,NLA official winning-numbers:5/39 Direct Monday:draw#471
2025-08-26,19,21,24,29,34,NLA official winning-numbers:5/39 Direct Tuesday:draw#208
2025-08-27,2,11,12,32,33,NLA official winning-numbers:5/39 Direct Wednesday:draw#210
2025-08-28,3,15,20,28,39,NLA official winning-numbers:5/39 Direct Thursday:draw#211
2025-08-29,1,13,16,36,39,NLA official winning-numbers:5/39 Direct Friday:draw#207
2025-08-30,5,10,19,22,39,NLA official winning-numbers:5/39 Direct Saturday:draw#209
2025-08-31,5,16,17,33,36,external verified LotteryTexts Daywa 5/39 full history:https://lotterytexts.com/ghana/daywa-5-39/past-results/:ghana_local_date=2025-08-31
2025-09-01,9,17,25,26,31,NLA official winning-numbers:5/39 Direct Monday:draw#472
2025-09-02,1,6,26,29,32,NLA official winning-numbers:5/39 Direct Tuesday:draw#209
2025-09-03,10,16,21,22,34,NLA official winning-numbers:5/39 Direct Wednesday:draw#211
2025-09-04,2,3,9,20,22,NLA official winning-numbers:5/39 Direct Thursday:draw#212
2025-09-05,9,13,16,31,38,NLA official winning-numbers:5/39 Direct Friday:draw#208
2025-09-06,14,19,20,24,28,NLA official winning-numbers:5/39 Direct Saturday:draw#210
2025-09-07,1,4,7,17,34,external verified LotteryTexts Daywa 5/39 full history:https://lotterytexts.com/ghana/daywa-5-39/past-results/:ghana_local_date=2025-09-07
2025-09-08,1,8,20,25,33,NLA official winning-numbers:5/39 Direct Monday:draw#473
2025-09-09,2,8,24,30,39,NLA official winning-numbers:5/39 Direct Tuesday:draw#210
2025-09-10,7,21,25,34,36,NLA official winning-numbers:5/39 Direct Wednesday:draw#212
2025-09-11,9,13,14,15,33,NLA official winning-numbers:5/39 Direct Thursday:draw#213
2025-09-12,6,8,15,25,28,NLA official winning-numbers:5/39 Direct Friday:draw#209
2025-09-13,1,5,6,17,19,NLA official winning-numbers:5/39 Direct Saturday:draw#211
2025-09-14,11,26,31,32,33,external verified LotteryTexts Daywa 5/39 full history:https://lotterytexts.com/ghana/daywa-5-39/past-results/:ghana_local_date=2025-09-14
2025-09-15,3,12,26,31,32,NLA official winning-numbers:5/39 Direct Monday:draw#474
2025-09-16,2,13,23,27,34,NLA official winning-numbers:5/39 Direct Tuesday:draw#211
2025-09-17,6,15,21,29,37,NLA official winning-numbers:5/39 Direct Wednesday:draw#213
2025-09-18,16,18,23,34,37,NLA official winning-numbers:5/39 Direct Thursday:draw#214
2025-09-19,3,4,12,19,31,NLA official winning-numbers:5/39 Direct Friday:draw#210
2025-09-20,1,9,18,34,37,NLA official winning-numbers:5/39 Direct Saturday:draw#212
2025-09-21,9,14,18,28,34,external verified LotteryTexts Daywa 5/39 full history:https://lotterytexts.com/ghana/daywa-5-39/past-results/:ghana_local_date=2025-09-21
2025-09-22,10,12,20,22,36,NLA official winning-numbers:5/39 Direct Monday:draw#475
2025-09-23,7,8,31,33,37,NLA official winning-numbers:5/39 Direct Tuesday:draw#212
2025-09-24,7,12,25,26,31,NLA official winning-numbers:5/39 Direct Wednesday:draw#214
2025-09-25,11,13,18,35,37,NLA official winning-numbers:5/39 Direct Thursday:draw#215
2025-09-26,4,21,22,32,39,NLA official winning-numbers:5/39 Direct Friday:draw#211
2025-09-27,1,4,12,13,17,NLA official winning-numbers:5/39 Direct Saturday:draw#213
2025-09-28,15,22,33,35,36,external verified LotteryTexts Daywa 5/39 full history:https://lotterytexts.com/ghana/daywa-5-39/past-results/:ghana_local_date=2025-09-28
2025-09-29,6,9,25,27,35,NLA official winning-numbers:5/39 Direct Monday:draw#476
2025-09-30,28,30,31,33,37,NLA official winning-numbers:5/39 Direct Tuesday:draw#213
2025-10-01,3,4,12,19,22,NLA official winning-numbers:5/39 Direct Wednesday:draw#215
2025-10-02,1,8,15,20,28,NLA official winning-numbers:5/39 Direct Thursday:draw#216
2025-10-03,1,4,7,18,27,NLA official winning-numbers:5/39 Direct Friday:draw#212
2025-10-04,8,21,25,31,33,NLA official winning-numbers:5/39 Direct Saturday:draw#214
2025-10-05,9,13,17,30,38,external verified LotteryTexts Daywa 5/39 full history:https://lotterytexts.com/ghana/daywa-5-39/past-results/:ghana_local_date=2025-10-05
2025-10-06,4,5,12,18,22,NLA official winning-numbers:5/39 Direct Monday:draw#477
2025-10-07,1,8,27,31,36,NLA official winning-numbers:5/39 Direct Tuesday:draw#214
2025-10-08,6,9,16,21,30,NLA official winning-numbers:5/39 Direct Wednesday:draw#216
2025-10-09,12,13,14,26,32,NLA official winning-numbers:5/39 Direct Thursday:draw#217
2025-10-10,1,2,12,17,37,NLA official winning-numbers:5/39 Direct Friday:draw#213
2025-10-11,3,4,8,20,24,NLA official winning-numbers:5/39 Direct Saturday:draw#215
2025-10-12,2,7,18,33,34,external verified LotteryTexts Daywa 5/39 full history:https://lotterytexts.com/ghana/daywa-5-39/past-results/:ghana_local_date=2025-10-12
2025-10-13,3,15,16,23,25,NLA official winning-numbers:5/39 Direct Monday:draw#478
2025-10-14,6,13,14,18,38,NLA official winning-numbers:5/39 Direct Tuesday:draw#215
2025-10-15,3,5,6,13,38,NLA official winning-numbers:5/39 Direct Wednesday:draw#217
2025-10-16,2,3,20,23,31,NLA official winning-numbers:5/39 Direct Thursday:draw#218
2025-10-17,10,13,18,34,36,NLA official winning-numbers:5/39 Direct Friday:draw#214
2025-10-18,3,5,16,17,18,NLA official winning-numbers:5/39 Direct Saturday:draw#216
2025-10-19,8,19,21,30,34,external verified LotteryTexts Daywa 5/39 full history:https://lotterytexts.com/ghana/daywa-5-39/past-results/:ghana_local_date=2025-10-19
2025-10-20,4,10,22,30,32,NLA official winning-numbers:5/39 Direct Monday:draw#479
2025-10-21,4,16,31,32,38,NLA official winning-numbers:5/39 Direct Tuesday:draw#216
2025-10-22,2,14,23,38,39,NLA official winning-numbers:5/39 Direct Wednesday:draw#218
2025-10-23,5,7,16,28,39,NLA official winning-numbers:5/39 Direct Thursday:draw#219
2025-10-24,1,5,12,24,35,NLA official winning-numbers:5/39 Direct Friday:draw#215
2025-10-25,11,13,16,21,23,NLA official winning-numbers:5/39 Direct Saturday:draw#217
2025-10-26,7,18,20,29,36,external verified LotteryTexts Daywa 5/39 full history:https://lotterytexts.com/ghana/daywa-5-39/past-results/:ghana_local_date=2025-10-26
2025-10-27,4,7,11,27,35,NLA official winning-numbers:5/39 Direct Monday:draw#480
2025-10-28,13,15,20,34,39,NLA official winning-numbers:5/39 Direct Tuesday:draw#217
2025-10-29,8,10,18,24,30,NLA official winning-numbers:5/39 Direct Wednesday:draw#219
2025-10-30,14,20,26,33,34,NLA official winning-numbers:5/39 Direct Thursday:draw#220
2025-10-31,13,19,21,30,36,NLA official winning-numbers:5/39 Direct Friday:draw#216
2025-11-01,10,14,26,30,32,NLA official winning-numbers:5/39 Direct Saturday:draw#218
2025-11-02,5,13,34,35,38,external verified LotteryTexts Daywa 5/39 full history:https://lotterytexts.com/ghana/daywa-5-39/past-results/:ghana_local_date=2025-11-02
2025-11-03,6,7,15,17,28,NLA official winning-numbers:5/39 Direct Monday:draw#481
2025-11-04,5,14,17,22,29,NLA official winning-numbers:5/39 Direct Tuesday:draw#218
2025-11-05,5,11,19,27,36,NLA official winning-numbers:5/39 Direct Wednesday:draw#220
2025-11-06,10,15,18,22,23,NLA official winning-numbers:5/39 Direct Thursday:draw#221
2025-11-07,8,14,17,18,33,NLA official winning-numbers:5/39 Direct Friday:draw#217
2025-11-08,11,19,21,22,37,NLA official winning-numbers:5/39 Direct Saturday:draw#219
2025-11-09,6,21,24,25,28,external verified LotteryTexts Daywa 5/39 full history:https://lotterytexts.com/ghana/daywa-5-39/past-results/:ghana_local_date=2025-11-09
2025-11-10,12,14,31,33,38,NLA official winning-numbers:5/39 Direct Monday:draw#482
2025-11-11,7,8,13,18,37,NLA official winning-numbers:5/39 Direct Tuesday:draw#219
2025-11-12,2,16,18,19,27,NLA official winning-numbers:5/39 Direct Wednesday:draw#221
2025-11-13,12,24,26,31,34,NLA official winning-numbers:5/39 Direct Thursday:draw#222
2025-11-14,2,23,32,33,37,NLA official winning-numbers:5/39 Direct Friday:draw#218
2025-11-15,13,17,18,29,35,NLA official winning-numbers:5/39 Direct Saturday:draw#220
2025-11-16,6,8,15,24,25,external verified LotteryTexts Daywa 5/39 full history:https://lotterytexts.com/ghana/daywa-5-39/past-results/:ghana_local_date=2025-11-16
2025-11-17,5,9,14,18,21,NLA official winning-numbers:5/39 Direct Monday:draw#483
2025-11-18,16,18,25,26,38,NLA official winning-numbers:5/39 Direct Tuesday:draw#220
2025-11-19,6,10,12,30,38,NLA official winning-numbers:5/39 Direct Wednesday:draw#222
2025-11-20,2,9,19,21,25,NLA official winning-numbers:5/39 Direct Thursday:draw#223
2025-11-21,10,26,35,36,39,NLA official winning-numbers:5/39 Direct Friday:draw#219
2025-11-22,15,22,25,31,34,NLA official winning-numbers:5/39 Direct Saturday:draw#221
2025-11-23,11,15,22,23,29,external verified LotteryTexts Daywa 5/39 full history:https://lotterytexts.com/ghana/daywa-5-39/past-results/:ghana_local_date=2025-11-23
2025-11-24,5,15,23,27,30,NLA official winning-numbers:5/39 Direct Monday:draw#484
2025-11-25,13,15,16,18,29,NLA official winning-numbers:5/39 Direct Tuesday:draw#221
2025-11-26,6,19,27,34,39,NLA official winning-numbers:5/39 Direct Wednesday:draw#223
2025-11-27,14,17,20,28,32,NLA official winning-numbers:5/39 Direct Thursday:draw#224
2025-11-28,9,15,19,38,39,NLA official winning-numbers:5/39 Direct Friday:draw#220
2025-11-29,7,8,19,32,35,NLA official winning-numbers:5/39 Direct Saturday:draw#222
2025-11-30,4,9,11,17,20,external verified LotteryTexts Daywa 5/39 full history:https://lotterytexts.com/ghana/daywa-5-39/past-results/:ghana_local_date=2025-11-30
2025-12-01,19,27,31,36,39,NLA official winning-numbers:5/39 Direct Monday:draw#485
2025-12-02,14,15,19,20,31,NLA official winning-numbers:5/39 Direct Tuesday:draw#222
2025-12-03,3,14,15,26,32,NLA official winning-numbers:5/39 Direct Wednesday:draw#224
2025-12-04,1,4,21,30,34,NLA official winning-numbers:5/39 Direct Thursday:draw#225
2025-12-05,3,5,10,20,24,NLA official winning-numbers:5/39 Direct Friday:draw#221
2025-12-06,9,16,21,22,23,NLA official winning-numbers:5/39 Direct Saturday:draw#223
2025-12-07,3,10,15,32,36,external verified LotteryTexts Daywa 5/39 full history:https://lotterytexts.com/ghana/daywa-5-39/past-results/:ghana_local_date=2025-12-07
2025-12-08,6,13,14,21,23,NLA official winning-numbers:5/39 Direct Monday:draw#486
2025-12-09,4,5,7,36,37,NLA official winning-numbers:5/39 Direct Tuesday:draw#223
2025-12-10,13,16,27,34,37,NLA official winning-numbers:5/39 Direct Wednesday:draw#225
2025-12-11,3,10,14,15,31,NLA official winning-numbers:5/39 Direct Thursday:draw#226
2025-12-12,7,10,12,28,38,NLA official winning-numbers:5/39 Direct Friday:draw#222
2025-12-13,8,13,15,20,36,NLA official winning-numbers:5/39 Direct Saturday:draw#224
2025-12-14,5,11,19,22,35,external verified LotteryTexts Daywa 5/39 full history:https://lotterytexts.com/ghana/daywa-5-39/past-results/:ghana_local_date=2025-12-14
2025-12-15,2,4,13,34,37,NLA official winning-numbers:5/39 Direct Monday:draw#487
2025-12-16,3,5,11,30,31,NLA official winning-numbers:5/39 Direct Tuesday:draw#224
2025-12-17,25,26,27,32,38,NLA official winning-numbers:5/39 Direct Wednesday:draw#226
2025-12-18,2,12,20,30,36,NLA official winning-numbers:5/39 Direct Thursday:draw#227
2025-12-19,11,16,23,24,39,NLA official winning-numbers:5/39 Direct Friday:draw#223
2025-12-20,2,5,27,29,36,NLA official winning-numbers:5/39 Direct Saturday:draw#225
2025-12-21,9,16,20,23,34,external verified LotteryTexts Daywa 5/39 full history:https://lotterytexts.com/ghana/daywa-5-39/past-results/:ghana_local_date=2025-12-21
2025-12-22,9,17,21,24,32,NLA official winning-numbers:5/39 Direct Monday:draw#488
2025-12-23,5,6,30,37,38,NLA official winning-numbers:5/39 Direct Tuesday:draw#225
2025-12-24,18,27,30,35,36,NLA official winning-numbers:5/39 Direct Wednesday:draw#227
2025-12-27,20,25,28,30,33,NLA official winning-numbers:5/39 Direct Saturday:draw#226
2025-12-28,4,6,9,24,27,external verified LotteryTexts Daywa 5/39 full history:https://lotterytexts.com/ghana/daywa-5-39/past-results/:ghana_local_date=2025-12-28
2025-12-29,12,15,19,31,39,NLA official winning-numbers:5/39 Direct Monday:draw#489
2025-12-30,19,21,25,32,37,NLA official winning-numbers:5/39 Direct Tuesday:draw#226
2025-12-31,5,13,18,27,29,NLA official winning-numbers:5/39 Direct Wednesday:draw#228
2026-01-02,13,14,22,30,39,NLA official winning-numbers:5/39 Direct Friday:draw#224
2026-01-03,1,10,15,16,18,NLA official winning-numbers:5/39 Direct Saturday:draw#227
2026-01-04,8,9,19,28,38,external verified LotteryTexts Daywa 5/39 full history:https://lotterytexts.com/ghana/daywa-5-39/past-results/:ghana_local_date=2026-01-04
2026-01-05,1,11,13,14,25,NLA official winning-numbers:5/39 Direct Monday:draw#490
2026-01-06,14,19,29,36,39,NLA official winning-numbers:5/39 Direct Tuesday:draw#227
2026-01-07,4,8,23,28,34,NLA official winning-numbers:5/39 Direct Wednesday:draw#229
2026-01-08,3,4,7,21,23,NLA official winning-numbers:5/39 Direct Thursday:draw#228
2026-01-10,7,9,10,13,28,NLA official winning-numbers:5/39 Direct Saturday:draw#228
2026-01-11,15,20,23,26,39,external verified LotteryTexts Daywa 5/39 full history:https://lotterytexts.com/ghana/daywa-5-39/past-results/:ghana_local_date=2026-01-11
2026-01-12,6,9,16,34,38,NLA official winning-numbers:5/39 Direct Monday:draw#491
2026-01-13,2,3,4,10,27,NLA official winning-numbers:5/39 Direct Tuesday:draw#228
2026-01-14,8,9,11,30,34,NLA official winning-numbers:5/39 Direct Wednesday:draw#230
2026-01-15,11,12,15,20,38,NLA official winning-numbers:5/39 Direct Thursday:draw#229
2026-01-16,3,6,11,15,23,NLA official winning-numbers:5/39 Direct Friday:draw#225
2026-01-17,5,6,21,29,34,NLA official winning-numbers:5/39 Direct Saturday:draw#229
2026-01-18,2,5,8,17,35,external verified LotteryTexts Daywa 5/39 full history:https://lotterytexts.com/ghana/daywa-5-39/past-results/:ghana_local_date=2026-01-18
2026-01-19,3,7,11,20,39,NLA official winning-numbers:5/39 Direct Monday:draw#492
2026-01-20,4,7,9,35,37,NLA official winning-numbers:5/39 Direct Tuesday:draw#229
2026-01-21,9,10,21,26,30,NLA official winning-numbers:5/39 Direct Wednesday:draw#231
2026-01-22,6,18,22,26,33,NLA official winning-numbers:5/39 Direct Thursday:draw#230
2026-01-23,2,4,7,17,24,NLA official winning-numbers:5/39 Direct Friday:draw#226
2026-01-24,6,14,15,19,24,NLA official winning-numbers:5/39 Direct Saturday:draw#230
2026-01-25,2,13,14,23,26,external verified LotteryTexts Daywa 5/39 full history:https://lotterytexts.com/ghana/daywa-5-39/past-results/:ghana_local_date=2026-01-25
2026-01-26,7,14,16,26,30,NLA official winning-numbers:5/39 Direct Monday:draw#493
2026-01-27,2,10,12,14,33,NLA official winning-numbers:5/39 Direct Tuesday:draw#230
2026-01-28,6,11,30,31,33,NLA official winning-numbers:5/39 Direct Wednesday:draw#232
2026-01-29,12,13,31,35,39,NLA official winning-numbers:5/39 Direct Thursday:draw#231
2026-01-30,1,2,6,7,17,NLA official winning-numbers:5/39 Direct Friday:draw#227
2026-01-31,8,20,22,27,28,NLA official winning-numbers:5/39 Direct Saturday:draw#231
2026-02-01,6,12,27,28,30,external verified LotteryTexts Daywa 5/39 full history:https://lotterytexts.com/ghana/daywa-5-39/past-results/:ghana_local_date=2026-02-01
2026-02-02,9,10,17,22,28,NLA official winning-numbers:5/39 Direct Monday:draw#494
2026-02-03,1,2,4,6,14,NLA official winning-numbers:5/39 Direct Tuesday:draw#231
2026-02-04,2,5,26,31,37,NLA official winning-numbers:5/39 Direct Wednesday:draw#233
2026-02-05,2,7,11,20,21,NLA official winning-numbers:5/39 Direct Thursday:draw#232
2026-02-06,7,17,20,25,31,NLA official winning-numbers:5/39 Direct Friday:draw#228
2026-02-07,2,3,7,9,17,NLA official winning-numbers:5/39 Direct Saturday:draw#232
2026-02-08,1,7,19,37,39,external verified LotteryTexts Daywa 5/39 full history:https://lotterytexts.com/ghana/daywa-5-39/past-results/:ghana_local_date=2026-02-08
2026-02-09,2,6,16,18,29,NLA official winning-numbers:5/39 Direct Monday:draw#495
2026-02-10,4,10,18,21,32,NLA official winning-numbers:5/39 Direct Tuesday:draw#232
2026-02-11,4,11,25,34,35,NLA official winning-numbers:5/39 Direct Wednesday:draw#234
2026-02-12,7,16,17,29,38,NLA official winning-numbers:5/39 Direct Thursday:draw#233
2026-02-13,5,11,18,28,31,NLA official winning-numbers:5/39 Direct Friday:draw#229
2026-02-14,7,9,11,12,32,NLA official winning-numbers:5/39 Direct Saturday:draw#233
2026-02-15,6,11,22,28,39,external verified LotteryTexts Daywa 5/39 full history:https://lotterytexts.com/ghana/daywa-5-39/past-results/:ghana_local_date=2026-02-15
2026-02-16,3,6,17,34,36,NLA official winning-numbers:5/39 Direct Monday:draw#496
2026-02-17,3,9,15,21,28,NLA official winning-numbers:5/39 Direct Tuesday:draw#233
2026-02-18,10,18,22,31,32,NLA official winning-numbers:5/39 Direct Wednesday:draw#235
2026-02-19,7,9,20,32,35,NLA official winning-numbers:5/39 Direct Thursday:draw#234
2026-02-20,3,6,15,31,39,NLA official winning-numbers:5/39 Direct Friday:draw#230
2026-02-21,6,9,10,19,23,NLA official winning-numbers:5/39 Direct Saturday:draw#234
2026-02-22,2,3,8,16,35,external verified LotteryTexts Daywa 5/39 full history:https://lotterytexts.com/ghana/daywa-5-39/past-results/:ghana_local_date=2026-02-22
2026-02-23,1,12,24,25,31,NLA official winning-numbers:5/39 Direct Monday:draw#497
2026-02-24,8,18,28,29,31,NLA official winning-numbers:5/39 Direct Tuesday:draw#234
2026-02-25,1,4,11,18,33,NLA official winning-numbers:5/39 Direct Wednesday:draw#236
2026-02-26,5,8,11,23,29,NLA official winning-numbers:5/39 Direct Thursday:draw#235
2026-02-27,5,7,9,25,38,NLA official winning-numbers:5/39 Direct Friday:draw#231
2026-02-28,3,12,16,19,35,NLA official winning-numbers:5/39 Direct Saturday:draw#235
2026-03-01,1,10,13,14,39,external verified LotteryTexts Daywa 5/39 full history:https://lotterytexts.com/ghana/daywa-5-39/past-results/:ghana_local_date=2026-03-01
2026-03-02,10,19,25,27,35,NLA official winning-numbers:5/39 Direct Monday:draw#498
2026-03-03,8,22,29,35,38,NLA official winning-numbers:5/39 Direct Tuesday:draw#235
2026-03-04,1,6,20,21,28,NLA official winning-numbers:5/39 Direct Wednesday:draw#237
2026-03-05,14,15,16,20,28,NLA official winning-numbers:5/39 Direct Thursday:draw#236
2026-03-06,9,12,16,26,34,NLA official winning-numbers:5/39 Direct Friday:draw#232
2026-03-07,6,8,14,21,33,NLA official winning-numbers:5/39 Direct Saturday:draw#236
2026-03-08,16,25,26,31,32,external verified LotteryTexts Daywa 5/39 full history:https://lotterytexts.com/ghana/daywa-5-39/past-results/:ghana_local_date=2026-03-08
2026-03-09,14,18,25,26,33,NLA official winning-numbers:5/39 Direct Monday:draw#499
2026-03-10,7,14,33,34,39,NLA official winning-numbers:5/39 Direct Tuesday:draw#236
2026-03-11,12,14,24,30,39,NLA official winning-numbers:5/39 Direct Wednesday:draw#238
2026-03-12,14,16,25,28,30,NLA official winning-numbers:5/39 Direct Thursday:draw#237
2026-03-13,1,11,19,25,38,NLA official winning-numbers:5/39 Direct Friday:draw#233
2026-03-14,8,11,22,31,34,NLA official winning-numbers:5/39 Direct Saturday:draw#237
2026-03-15,8,10,16,29,34,external verified LotteryTexts Daywa 5/39 full history:https://lotterytexts.com/ghana/daywa-5-39/past-results/:ghana_local_date=2026-03-15
2026-03-16,2,28,34,36,37,NLA official winning-numbers:5/39 Direct Monday:draw#500
2026-03-17,7,9,11,19,31,NLA official winning-numbers:5/39 Direct Tuesday:draw#237
2026-03-18,14,21,22,27,33,NLA official winning-numbers:5/39 Direct Wednesday:draw#239
2026-03-19,2,12,18,21,33,NLA official winning-numbers:5/39 Direct Thursday:draw#238
2026-03-20,26,32,35,36,37,NLA official winning-numbers:5/39 Direct Friday:draw#234
2026-03-21,10,19,21,34,39,NLA official winning-numbers:5/39 Direct Saturday:draw#238
2026-03-22,6,12,13,26,36,external verified LotteryTexts Daywa 5/39 full history:https://lotterytexts.com/ghana/daywa-5-39/past-results/:ghana_local_date=2026-03-22
2026-03-23,2,5,10,25,32,NLA official winning-numbers:5/39 Direct Monday:draw#501
2026-03-24,2,16,27,33,38,NLA official winning-numbers:5/39 Direct Tuesday:draw#238
2026-03-25,11,17,31,34,36,NLA official winning-numbers:5/39 Direct Wednesday:draw#240
2026-03-26,4,12,14,16,27,NLA official winning-numbers:5/39 Direct Thursday:draw#239
2026-03-27,14,17,20,21,26,NLA official winning-numbers:5/39 Direct Friday:draw#235
2026-03-28,4,14,31,32,37,NLA official winning-numbers:5/39 Direct Saturday:draw#239
2026-03-29,6,11,12,16,19,external verified LotteryTexts Daywa 5/39 full history:https://lotterytexts.com/ghana/daywa-5-39/past-results/:ghana_local_date=2026-03-29
2026-03-30,6,16,18,19,39,NLA official winning-numbers:5/39 Direct Monday:draw#502
2026-03-31,1,5,10,12,37,NLA official winning-numbers:5/39 Direct Tuesday:draw#239
2026-04-01,5,7,13,25,30,NLA official winning-numbers:5/39 Direct Wednesday:draw#241
2026-04-02,1,8,37,38,39,NLA official winning-numbers:5/39 Direct Thursday:draw#240
2026-04-04,14,18,21,23,32,NLA official winning-numbers:5/39 Direct Saturday:draw#240
2026-04-05,1,7,22,28,34,external verified LotteryTexts Daywa 5/39 full history:https://lotterytexts.com/ghana/daywa-5-39/past-results/:ghana_local_date=2026-04-05
2026-04-06,5,6,20,37,39,NLA official winning-numbers:5/39 Direct Monday:draw#503
2026-04-07,4,5,12,16,30,NLA official winning-numbers:5/39 Direct Tuesday:draw#240
2026-04-08,1,7,14,24,39,NLA official winning-numbers:5/39 Direct Wednesday:draw#242
2026-04-09,5,12,16,18,25,NLA official winning-numbers:5/39 Direct Thursday:draw#241
2026-04-10,26,32,35,36,37,external verified LotteryTexts Daywa 5/39 full history:https://lotterytexts.com/ghana/daywa-5-39/past-results/:ghana_local_date=2026-04-10
2026-04-11,10,15,21,26,27,NLA official winning-numbers:5/39 Direct Saturday:draw#241
2026-04-12,2,6,7,24,27,external verified LotteryTexts Daywa 5/39 full history:https://lotterytexts.com/ghana/daywa-5-39/past-results/:ghana_local_date=2026-04-12
2026-04-13,6,16,18,19,39,external verified LotteryTexts Daywa 5/39 full history:https://lotterytexts.com/ghana/daywa-5-39/past-results/:ghana_local_date=2026-04-13
2026-04-14,15,23,29,30,35,NLA official winning-numbers:5/39 Direct Tuesday:draw#241
2026-04-15,9,15,27,35,36,NLA official winning-numbers:5/39 Direct Wednesday:draw#243
2026-04-16,1,11,28,30,34,NLA official winning-numbers:5/39 Direct Thursday:draw#242
2026-04-17,14,17,20,21,26,external verified LotteryTexts Daywa 5/39 full history:https://lotterytexts.com/ghana/daywa-5-39/past-results/:ghana_local_date=2026-04-17
2026-04-18,13,25,29,32,37,NLA official winning-numbers:5/39 Direct Saturday:draw#242
2026-04-19,4,20,30,31,37,external verified LotteryTexts Daywa 5/39 full history:https://lotterytexts.com/ghana/daywa-5-39/past-results/:ghana_local_date=2026-04-19
2026-04-20,5,6,20,37,39,external verified LotteryTexts Daywa 5/39 full history:https://lotterytexts.com/ghana/daywa-5-39/past-results/:ghana_local_date=2026-04-20
2026-04-21,1,2,9,33,37,NLA official winning-numbers:5/39 Direct Tuesday:draw#242
2026-04-22,3,8,28,30,38,NLA official winning-numbers:5/39 Direct Wednesday:draw#244
2026-04-23,1,12,15,18,28,NLA official winning-numbers:5/39 Direct Thursday:draw#243
2026-04-24,20,22,29,30,39,NLA official winning-numbers:5/39 Direct Friday:draw#236
2026-04-25,1,11,22,30,34,NLA official winning-numbers:5/39 Direct Saturday:draw#243
2026-04-26,15,18,25,31,39,external verified LotteryTexts Daywa 5/39 full history:https://lotterytexts.com/ghana/daywa-5-39/past-results/:ghana_local_date=2026-04-26
2026-04-27,3,8,17,18,28,NLA official winning-numbers:5/39 Direct Monday:draw#504
2026-04-28,1,7,15,18,22,NLA official winning-numbers:5/39 Direct Tuesday:draw#243
2026-04-29,12,18,21,29,33,NLA official winning-numbers:5/39 Direct Wednesday:draw#245
2026-04-30,2,28,34,35,36,NLA official winning-numbers:5/39 Direct Thursday:draw#244
2026-05-01,4,5,7,8,10,NLA official winning-numbers:5/39 Direct Friday:draw#237
2026-05-02,3,5,15,30,36,NLA official winning-numbers:5/39 Direct Saturday:draw#244
2026-05-03,16,26,29,30,34,external verified LotteryTexts Daywa 5/39 full history:https://lotterytexts.com/ghana/daywa-5-39/past-results/:ghana_local_date=2026-05-03
2026-05-04,12,13,22,27,31,NLA official winning-numbers:5/39 Direct Monday:draw#505
2026-05-05,1,16,19,33,39,NLA official winning-numbers:5/39 Direct Tuesday:draw#244
2026-05-06,19,20,22,25,34,NLA official winning-numbers:5/39 Direct Wednesday:draw#246
2026-05-07,8,16,17,28,31,NLA official winning-numbers:5/39 Direct Thursday:draw#245
2026-05-08,4,5,7,8,10,external verified LotteryTexts Daywa 5/39 full history:https://lotterytexts.com/ghana/daywa-5-39/past-results/:ghana_local_date=2026-05-08
2026-05-09,4,26,30,34,39,NLA official winning-numbers:5/39 Direct Saturday:draw#245
2026-05-10,18,21,22,32,38,external verified LotteryTexts Daywa 5/39 full history:https://lotterytexts.com/ghana/daywa-5-39/past-results/:ghana_local_date=2026-05-10
2026-05-11,4,15,25,30,33,NLA official winning-numbers:5/39 Direct Monday:draw#506
2026-05-12,2,10,15,16,31,NLA official winning-numbers:5/39 Direct Tuesday:draw#245
2026-05-13,1,7,9,11,32,NLA official winning-numbers:5/39 Direct Wednesday:draw#247
2026-05-14,5,15,28,29,30,NLA official winning-numbers:5/39 Direct Thursday:draw#246
2026-05-15,3,5,14,30,36,NLA official winning-numbers:5/39 Direct Friday:draw#238
2026-05-16,1,11,16,30,38,NLA official winning-numbers:5/39 Direct Saturday:draw#246
2026-05-17,3,4,7,34,36,external verified LotteryTexts Daywa 5/39 full history:https://lotterytexts.com/ghana/daywa-5-39/past-results/:ghana_local_date=2026-05-17
2026-05-18,2,4,14,21,32,NLA official winning-numbers:5/39 Direct Monday:draw#507
2026-05-19,6,12,22,35,37,NLA official winning-numbers:5/39 Direct Tuesday:draw#246
2026-05-20,1,4,10,19,25,NLA official winning-numbers:5/39 Direct Wednesday:draw#248
2026-05-21,9,15,27,31,38,NLA official winning-numbers:5/39 Direct Thursday:draw#247
2026-05-22,7,16,26,36,39,NLA official winning-numbers:5/39 Direct Friday:draw#239
2026-05-23,4,6,25,27,29,NLA official winning-numbers:5/39 Direct Saturday:draw#247
2026-05-24,13,20,22,25,31,external verified LotteryTexts Daywa 5/39 full history:https://lotterytexts.com/ghana/daywa-5-39/past-results/:ghana_local_date=2026-05-24
2026-05-25,4,11,21,22,28,NLA official winning-numbers:5/39 Direct Monday:draw#508
2026-05-26,3,12,23,29,32,NLA official winning-numbers:5/39 Direct Tuesday:draw#247
2026-05-27,5,10,15,19,20,external verified LotteryTexts Daywa 5/39 full history:https://lotterytexts.com/ghana/daywa-5-39/past-results/:ghana_local_date=2026-05-27
2026-05-28,5,7,9,11,13,NLA official winning-numbers:5/39 Direct Thursday:draw#248
2026-05-29,3,7,30,32,33,NLA official winning-numbers:5/39 Direct Friday:draw#240
2026-05-30,14,20,24,33,38,NLA official winning-numbers:5/39 Direct Saturday:draw#248
2026-05-31,6,7,23,27,37,external verified LotteryTexts Daywa 5/39 full history:https://lotterytexts.com/ghana/daywa-5-39/past-results/:ghana_local_date=2026-05-31
2026-06-01,9,11,20,22,34,NLA official winning-numbers:5/39 Direct Monday:draw#509
2026-06-02,16,18,27,30,36,NLA official winning-numbers:5/39 Direct Tuesday:draw#248
2026-06-03,2,11,19,31,37,NLA official winning-numbers:5/39 Direct Wednesday:draw#249
2026-06-04,3,5,27,29,36,NLA official winning-numbers:5/39 Direct Thursday:draw#249
2026-06-05,6,7,14,21,35,NLA official winning-numbers:5/39 Direct Friday:draw#241
2026-06-06,1,2,17,22,25,NLA official winning-numbers:5/39 Direct Saturday:draw#249
2026-06-07,3,5,7,8,27,external verified LotteryTexts Daywa 5/39 full history:https://lotterytexts.com/ghana/daywa-5-39/past-results/:ghana_local_date=2026-06-07
2026-06-08,6,9,18,28,33,NLA official winning-numbers:5/39 Direct Monday:draw#510
2026-06-09,3,4,9,11,26,NLA official winning-numbers:5/39 Direct Tuesday:draw#249
2026-06-10,2,15,16,17,29,NLA official winning-numbers:5/39 Direct Wednesday:draw#250
2026-06-11,5,11,23,30,38,NLA official winning-numbers:5/39 Direct Thursday:draw#250
2026-06-12,1,6,16,22,26,NLA official winning-numbers:5/39 Direct Friday:draw#242
2026-06-13,7,16,20,26,27,NLA official winning-numbers:5/39 Direct Saturday:draw#250
2026-06-14,11,13,19,33,37,external verified LotteryTexts Daywa 5/39 full history:https://lotterytexts.com/ghana/daywa-5-39/past-results/:ghana_local_date=2026-06-14
2026-06-15,15,26,29,33,37,NLA official winning-numbers:5/39 Direct Monday:draw#511
2026-06-16,7,11,15,16,37,NLA official winning-numbers:5/39 Direct Tuesday:draw#250
2026-06-17,7,12,27,28,39,NLA official winning-numbers:5/39 Direct Wednesday:draw#251
2026-06-18,1,4,11,31,32,NLA official winning-numbers:5/39 Direct Thursday:draw#251
2026-06-19,2,11,12,23,31,NLA official winning-numbers:5/39 Direct Friday:draw#243
2026-06-20,3,9,15,27,34,NLA official winning-numbers:5/39 Direct Saturday:draw#251
2026-06-21,9,24,26,28,37,external verified LotteryTexts Daywa 5/39 full history:https://lotterytexts.com/ghana/daywa-5-39/past-results/:ghana_local_date=2026-06-21
2026-06-22,3,6,7,20,32,NLA official winning-numbers:5/39 Direct Monday:draw#512
2026-06-23,16,18,24,33,37,NLA official winning-numbers:5/39 Direct Tuesday:draw#251
2026-06-24,9,12,17,36,37,NLA official winning-numbers:5/39 Direct Wednesday:draw#252
2026-06-25,10,12,18,23,32,NLA official winning-numbers:5/39 Direct Thursday:draw#252
2026-06-26,2,6,14,20,30,NLA official winning-numbers:5/39 Direct Friday:draw#244
2026-06-27,20,21,26,33,39,NLA official winning-numbers:5/39 Direct Saturday:draw#252
2026-06-28,10,14,27,33,37,external verified LotteryTexts Daywa 5/39 full history:https://lotterytexts.com/ghana/daywa-5-39/past-results/:ghana_local_date=2026-06-28
2026-06-29,5,6,10,17,20,NLA official winning-numbers:5/39 Direct Monday:draw#513
2026-06-30,20,24,27,31,35,NLA official winning-numbers:5/39 Direct Tuesday:draw#252
2026-07-01,5,7,24,32,38,NLA official winning-numbers:5/39 Direct Wednesday:draw#253
2026-07-02,2,16,23,35,36,NLA official winning-numbers:5/39 Direct Thursday:draw#253
2026-07-03,2,21,24,29,30,external verified LotteryTexts Daywa 5/39 full history:https://lotterytexts.com/ghana/daywa-5-39/past-results/:ghana_local_date=2026-07-03
2026-07-04,9,16,17,20,24,NLA official winning-numbers:5/39 Direct Saturday:draw#253
2026-07-05,1,8,14,22,35,external verified LotteryTexts Daywa 5/39 full history:https://lotterytexts.com/ghana/daywa-5-39/past-results/:ghana_local_date=2026-07-05
2026-07-06,13,18,22,27,30,NLA official winning-numbers:5/39 Direct Monday:draw#514
2026-07-07,1,8,17,33,36,NLA official winning-numbers:5/39 Direct Tuesday:draw#253
2026-07-08,7,17,18,19,24,NLA official winning-numbers:5/39 Direct Wednesday:draw#254
2026-07-09,8,15,17,21,26,NLA official winning-numbers:5/39 Direct Thursday:draw#254
2026-07-10,2,14,18,25,26,NLA official winning-numbers:5/39 Direct Friday:draw#245
2026-07-11,8,13,16,18,35,NLA official winning-numbers:5/39 Direct Saturday:draw#254
2026-07-12,8,14,16,17,36,external verified LotteryTexts Daywa 5/39 full history:https://lotterytexts.com/ghana/daywa-5-39/past-results/:ghana_local_date=2026-07-12
2026-07-13,7,10,14,20,25,NLA official winning-numbers:5/39 Direct Monday:draw#515
2026-07-14,3,17,18,29,32,NLA official winning-numbers:5/39 Direct Tuesday:draw#254
2026-07-15,3,17,32,33,39,NLA official winning-numbers:5/39 Direct Wednesday:draw#255
2026-07-16,1,11,19,33,35,NLA official winning-numbers:5/39 Direct Thursday:draw#255
2026-07-17,2,11,22,30,31,NLA official winning-numbers:5/39 Direct Friday:draw#246
2026-07-18,3,9,12,15,25,NLA official winning-numbers:5/39 Direct Saturday:draw#255
2026-07-19,3,17,20,26,35,external verified LotteryTexts Daywa 5/39 full history:https://lotterytexts.com/ghana/daywa-5-39/past-results/:ghana_local_date=2026-07-19
2026-07-20,13,19,29,35,39,NLA official winning-numbers:5/39 Direct Monday:draw#516
2026-07-21,5,6,10,18,27,NLA official winning-numbers:5/39 Direct Tuesday:draw#255
2026-07-22,1,10,16,36,38,NLA official winning-numbers:5/39 Direct Wednesday:draw#256
2026-07-23,5,12,20,28,38,NLA official winning-numbers:5/39 Direct Thursday:draw#256
2026-07-24,7,13,20,21,29,NLA official winning-numbers:5/39 Direct Friday:draw#247
2026-07-25,9,19,25,37,39,NLA official winning-numbers:5/39 Direct Saturday:draw#256
2026-07-26,17,25,26,28,33,external verified LotteryTexts Daywa 5/39 full history:https://lotterytexts.com/ghana/daywa-5-39/past-results/:ghana_local_date=2026-07-26
2026-07-27,9,28,36,37,38,NLA official winning-numbers:5/39 Direct Monday:draw#517
2026-07-28,11,12,17,30,32,NLA official winning-numbers:5/39 Direct Tuesday:draw#256
2026-07-29,3,10,19,37,39,NLA official winning-numbers:5/39 Direct Wednesday:draw#257
2026-07-30,13,24,27,29,30,NLA official winning-numbers:5/39 Direct Thursday:draw#257
2026-07-31,4,7,16,17,36,external verified LotteryTexts Daywa 5/39 full history:https://lotterytexts.com/ghana/daywa-5-39/past-results/:ghana_local_date=2026-07-31
2026-08-01,3,4,10,30,34,NLA official winning-numbers:5/39 Direct Saturday:draw#257
2026-08-02,6,18,19,29,38,external verified LotteryTexts Daywa 5/39 full history:https://lotterytexts.com/ghana/daywa-5-39/past-results/:ghana_local_date=2026-08-02
2026-08-03,2,9,18,22,34,NLA official winning-numbers:5/39 Direct Monday:draw#518
2026-08-04,17,21,25,28,36,NLA official winning-numbers:5/39 Direct Tuesday:draw#257
2026-08-05,4,14,21,30,39,NLA official winning-numbers:5/39 Direct Wednesday:draw#258
2026-08-06,2,7,22,26,39,NLA official winning-numbers:5/39 Direct Thursday:draw#258
2026-08-07,9,18,22,28,30,NLA official winning-numbers:5/39 Direct Friday:draw#249
2026-08-08,1,12,13,24,27,NLA official winning-numbers:5/39 Direct Saturday:draw#258
2026-08-09,1,3,8,9,22,external verified LotteryTexts Daywa 5/39 full history:https://lotterytexts.com/ghana/daywa-5-39/past-results/:ghana_local_date=2026-08-09
2026-08-10,19,23,24,28,39,NLA official winning-numbers:5/39 Direct Monday:draw#519
2026-08-11,3,9,16,26,31,NLA official winning-numbers:5/39 Direct Tuesday:draw#258
2026-08-12,18,23,25,28,34,NLA official winning-numbers:5/39 Direct Wednesday:draw#259
2026-08-13,11,25,28,29,37,NLA official winning-numbers:5/39 Direct Thursday:draw#259
2026-08-14,2,7,16,23,37,NLA official winning-numbers:5/39 Direct Friday:draw#250
2026-08-15,12,16,18,26,28,NLA official winning-numbers:5/39 Direct Saturday:draw#259
2026-08-16,5,27,32,33,39,external verified LotteryTexts Daywa 5/39 full history:https://lotterytexts.com/ghana/daywa-5-39/past-results/:ghana_local_date=2026-08-16
2026-08-17,5,10,23,24,26,NLA official winning-numbers:5/39 Direct Monday:draw#520
2026-08-18,7,9,16,17,27,NLA official winning-numbers:5/39 Direct Tuesday:draw#259
2026-08-19,9,18,23,37,39,NLA official winning-numbers:5/39 Direct Wednesday:draw#260
2026-08-20,9,10,24,30,35,NLA official winning-numbers:5/39 Direct Thursday:draw#260
2026-08-21,5,15,17,25,33,NLA official winning-numbers:5/39 Direct Friday:draw#251
2026-08-22,4,6,14,25,35,NLA official winning-numbers:5/39 Direct Saturday:draw#260
2026-08-23,4,5,29,36,39,external verified LotteryTexts Daywa 5/39 full history:https://lotterytexts.com/ghana/daywa-5-39/past-results/:ghana_local_date=2026-08-23
2026-08-24,3,7,19,20,30,NLA official winning-numbers:5/39 Direct Monday:draw#521
2026-08-25,1,3,10,20,23,NLA official winning-numbers:5/39 Direct Tuesday:draw#260
2026-08-26,23,27,29,31,34,NLA official winning-numbers:5/39 Direct Wednesday:draw#261
2026-08-27,5,9,19,27,37,NLA official winning-numbers:5/39 Direct Thursday:draw#261
2026-08-28,5,6,32,36,38,NLA official winning-numbers:5/39 Direct Friday:draw#252
2026-08-29,5,8,13,25,27,NLA official winning-numbers:5/39 Direct Saturday:draw#261
2026-08-30,14,21,22,30,31,external verified LotteryTexts Daywa 5/39 full history:https://lotterytexts.com/ghana/daywa-5-39/past-results/:ghana_local_date=2026-08-30
2026-08-31,1,6,19,26,31,NLA official winning-numbers:5/39 Direct Monday:draw#522
2026-09-01,3,18,24,35,36,NLA official winning-numbers:5/39 Direct Tuesday:draw#261
2026-09-02,1,10,19,35,37,NLA official winning-numbers:5/39 Direct Wednesday:draw#262
2026-09-03,8,9,18,20,29,NLA official winning-numbers:5/39 Direct Thursday:draw#262
2026-09-04,13,18,22,34,36,NLA official winning-numbers:5/39 Direct Friday:draw#253
2026-09-05,17,20,24,25,35,NLA official winning-numbers:5/39 Direct Saturday:draw#262
2026-09-06,3,4,13,25,39,external verified LotteryTexts Daywa 5/39 full history:https://lotterytexts.com/ghana/daywa-5-39/past-results/:ghana_local_date=2026-09-06
2026-09-07,7,8,10,16,30,NLA official winning-numbers:5/39 Direct Monday:draw#523
2026-09-08,9,16,18,34,37,NLA official winning-numbers:5/39 Direct Tuesday:draw#262
2026-09-09,5,7,10,19,28,NLA official winning-numbers:5/39 Direct Wednesday:draw#263
2026-09-10,5,15,23,32,34,NLA official winning-numbers:5/39 Direct Thursday:draw#263
2026-09-11,5,9,23,25,32,NLA official winning-numbers:5/39 Direct Friday:draw#254
2026-09-12,4,5,7,21,30,NLA official winning-numbers:5/39 Direct Saturday:draw#263
2026-09-13,2,3,17,21,32,external verified LotteryTexts Daywa 5/39 full history:https://lotterytexts.com/ghana/daywa-5-39/past-results/:ghana_local_date=2026-09-13
2026-09-14,5,7,24,25,29,NLA official winning-numbers:5/39 Direct Monday:draw#524
2026-09-15,2,10,18,26,39,NLA official winning-numbers:5/39 Direct Tuesday:draw#263
2026-09-16,8,11,18,26,29,NLA official winning-numbers:5/39 Direct Wednesday:draw#264
2026-09-17,1,10,25,28,38,NLA official winning-numbers:5/39 Direct Thursday:draw#264
2026-09-18,8,14,20,21,24,NLA official winning-numbers:5/39 Direct Friday:draw#255
2026-09-19,4,13,14,18,26,NLA official winning-numbers:5/39 Direct Saturday:draw#264
2026-09-20,3,5,12,21,34,external verified LotteryTexts Daywa 5/39 full history:https://lotterytexts.com/ghana/daywa-5-39/past-results/:ghana_local_date=2026-09-20
2026-09-21,9,15,20,30,35,NLA official winning-numbers:5/39 Direct Monday:draw#525
2026-09-22,7,10,25,33,38,NLA official winning-numbers:5/39 Direct Tuesday:draw#264
2026-09-23,14,19,26,37,38,NLA official winning-numbers:5/39 Direct Wednesday:draw#265
2026-09-24,1,8,21,24,36,NLA official winning-numbers:5/39 Direct Thursday:draw#265
2026-09-25,2,8,25,31,32,NLA official winning-numbers:5/39 Direct Friday:draw#256
2026-09-26,1,7,9,23,26,NLA official winning-numbers:5/39 Direct Saturday:draw#265
2026-09-27,4,14,16,33,38,external verified LotteryTexts Daywa 5/39 full history:https://lotterytexts.com/ghana/daywa-5-39/past-results/:ghana_local_date=2026-09-27
2026-09-28,9,15,20,30,35,external verified LotteryTexts Daywa 5/39 full history:https://lotterytexts.com/ghana/daywa-5-39/past-results/:ghana_local_date=2026-09-28
2026-09-29,3,20,24,32,33,NLA official winning-numbers:5/39 Direct Tuesday:draw#265
2026-09-30,13,21,26,33,39,NLA official winning-numbers:5/39 Direct Wednesday:draw#266
2026-10-01,4,9,19,26,33,NLA official winning-numbers:5/39 Direct Thursday:draw#266
2026-10-02,4,10,12,18,38,NLA official winning-numbers:5/39 Direct Friday:draw#257
2026-10-03,14,26,29,32,35,NLA official winning-numbers:5/39 Direct Saturday:draw#266
2026-10-04,3,7,14,24,32,external verified LotteryTexts Daywa 5/39 full history:https://lotterytexts.com/ghana/daywa-5-39/past-results/:ghana_local_date=2026-10-04
2026-10-05,3,11,18,23,32,NLA official winning-numbers:5/39 Direct Monday:draw#526
2026-10-06,6,17,20,24,35,external verified LotteryTexts Daywa 5/39 full history:https://lotterytexts.com/ghana/daywa-5-39/past-results/:ghana_local_date=2026-10-06
2026-10-07,5,23,25,32,37,external verified LotteryTexts Daywa 5/39 full history:https://lotterytexts.com/ghana/daywa-5-39/past-results/:ghana_local_date=2026-10-07
